Date, Name , Memo , Barclays 53895114 , Vat , Net , Purchase / Direct Cost ,,,,,,,,,,,,,,,,,,,,,,,,,
22-Mar-22,A2Z SECURITY SERVICES LTD,A2Z SECURITY LIMIT    INVOICE            BBP, 771.50 , 128.58 , 642.92 , 642.92 , A2Z Security Services Ltd ,,,,,,,,,,,,,,,,,,,,,,,,
24-Mar-22,A2Z SECURITY SERVICES LTD,A2Z SECURITY LIMIT    INVOICE            BBP, 771.50 , 128.58 , 642.92 , 642.92 , A2Z Security Services Ltd ,,,,,,,,,,,,,,,,,,,,,,,,
24-Oct-22,AA GUARDS LIMITED,AAGUARD LTD           AS INVOICED BBP," 5,380.20 ", 896.70 ," 4,483.50 "," 4,483.50 ", AA GUARDS LIMITED ,,,,,,,,,,,,,,,,,,,,,,,,
23-Nov-22,AA GUARDS LIMITED,AAGUARD LTD           AS INVOICED BBP," 6,503.04 "," 1,083.84 "," 5,419.20 "," 5,419.20 ", AA GUARDS LIMITED ,,,,,,,,,,,,,,,,,,,,,,,,
28-Dec-22,AA GUARDS LIMITED,AAGUARD LTD           AS INVOICED BBP," 4,896.11 ", 816.02 ," 4,080.09 "," 4,080.09 ", AA GUARDS LIMITED ,,,,,,,,,,,,,,,,,,,,,,,,
27-Jan-23,AA GUARDS LIMITED,AAGUARD LTD           AS INVOICED BBP," 4,892.46 ", 815.41 ," 4,077.05 "," 4,077.05 ", AA GUARDS LIMITED ,,,,,,,,,,,,,,,,,,,,,,,,
3-Mar-23,AA GUARDS LIMITED,AAGUARD LTD           AS INVOICED BBP," 5,114.09 ", 852.35 ," 4,261.74 "," 4,261.74 ", AA GUARDS LIMITED ,,,,,,,,,,,,,,,,,,,,,,,,
27-Mar-23,AA GUARDS LIMITED,AAGUARD LTD           AS INVOICED BBP," 3,258.86 ", 543.14 ," 2,715.72 "," 2,715.72 ", AA GUARDS LIMITED ,,,,,,,,,,,,,,,,,,,,,,,,
28-Apr-23,AA GUARDS LIMITED,AA GUARD LTD           AS INVOICED BBP," 5,319.60 ", 886.60 ," 4,433.00 "," 4,433.00 ", AA GUARDS LIMITED ,,,,,,,,,,,,,,,,,,,,,,,,
23-Sep-21,AAAS SECURITY,AAAS SECURITY COMP    INVOICE            BBP," 5,000.00 ", 833.33 ," 4,166.67 "," 4,166.67 ",#N/A,,,,,,,,,,,,,,,,,,,,,,,,
27-Sep-21,AAAS SECURITY,AAAS SECURITY COMP    INVOICE            FT ," 7,186.00 "," 1,197.67 "," 5,988.33 "," 5,988.33 ",#N/A,,,,,,,,,,,,,,,,,,,,,,,,
19-Oct-21,AAAS SECURITY,AAAS SECURITY COMP    INVOICE            FT ," 7,186.00 "," 1,197.67 "," 5,988.33 "," 5,988.33 ",#N/A,,,,,,,,,,,,,,,,,,,,,,,,
20-Oct-21,AAAS SECURITY,AAAS SECURITY COMP    INVOICE            FT ," 8,856.00 "," 1,476.00 "," 7,380.00 "," 7,380.00 ",#N/A,,,,,,,,,,,,,,,,,,,,,,,,
22-Mar-22,ABEESO SECURITY AND CLEANING SERVICES LTD,ABEESO SECURITY SE    INVOICE            BBP," 3,500.00 ", 583.33 ," 2,916.67 "," 2,916.67 ",#N/A,,,,,,,,,,,,,,,,,,,,,,,,
24-Mar-22,ABEESO SECURITY AND CLEANING SERVICES LTD,ABEESO SECURITY SE    INVOICE289         BBP," 9,800.54 "," 1,633.42 "," 8,167.12 "," 8,167.12 ",#N/A,,,,,,,,,,,,,,,,,,,,,,,,
28-Mar-22,ABEESO SECURITY AND CLEANING SERVICES LTD,ABEESO SECURITY SE    INVOICE290         FT ," 8,319.16 "," 1,386.53 "," 6,932.63 "," 6,932.63 ",#N/A,,,,,,,,,,,,,,,,,,,,,,,,
31-Mar-22,ABEESO SECURITY AND CLEANING SERVICES LTD,ABEESO SECURITY SE    INVOICE291         BBP," 12,550.90 "," 2,091.82 "," 10,459.08 "," 10,459.08 ",#N/A,,,,,,,,,,,,,,,,,,,,,,,,
4-Apr-22,ABEESO SECURITY AND CLEANING SERVICES LTD,ABEESO SECURITY SE    INVOICE 295        BBP," 11,349.00 "," 1,891.50 "," 9,457.50 "," 9,457.50 ",#N/A,,,,,,,,,,,,,,,,,,,,,,,,
19-Apr-22,ABEESO SECURITY AND CLEANING SERVICES LTD,ABEESO SECURITY SE    INVOICE 325        BBP," 5,255.20 ", 875.87 ," 4,379.33 "," 4,379.33 ",#N/A,,,,,,,,,,,,,,,,,,,,,,,,
10-Mar-22,ALLIANCE FACILITIES MANAGEMENT LIMITED,ALLIANCE FACILITY     AS INVOICED BBP," 10,361.00 "," 1,726.83 "," 8,634.17 "," 8,634.17 ", Alliance Facilities Management Limited ,,,,,,,,,,,,,,,,,,,,,,,,
19-Apr-22,ALLIANCE FACILITIES MANAGEMENT LIMITED,ALLIANCE FACILITY     AS INVOICED        BBP," 2,907.00 ", 484.50 ," 2,422.50 "," 2,422.50 ", Alliance Facilities Management Limited ,,,,,,,,,,,,,,,,,,,,,,,,
15-Jul-22,ALLIANCE FACILITIES MANAGEMENT LIMITED,ALLIANCE FACILITY     AS INVOICED FT," 12,712.39 "," 2,118.73 "," 10,593.66 "," 10,593.66 ", Alliance Facilities Management Limited ,,,,,,,,,,,,,,,,,,,,,,,,
22-Aug-22,ALLIANCE FACILITIES MANAGEMENT LIMITED,ALLIANCE FACILITY     AS INVOICED BBP," 20,670.00 "," 3,445.00 "," 17,225.00 "," 17,225.00 ", Alliance Facilities Management Limited ,,,,,,,,,,,,,,,,,,,,,,,,
22-Nov-22,ALLIANCE FACILITIES MANAGEMENT LIMITED,ALLIANCE FACILITY     AS INVOICED FT," 8,679.72 "," 1,446.62 "," 7,233.10 "," 7,233.10 ", Alliance Facilities Management Limited ,,,,,,,,,,,,,,,,,,,,,,,,
23-Nov-22,ALLIANCE FACILITIES MANAGEMENT LIMITED,ALLIANCE FACILITY     AS INVOICED BBP," 2,176.68 ", 362.78 ," 1,813.90 "," 1,813.90 ", Alliance Facilities Management Limited ,,,,,,,,,,,,,,,,,,,,,,,,
23-Nov-22,ALLIANCE FACILITIES MANAGEMENT LIMITED,ALLIANCE FACILITY     AS INVOICED BBP," 6,647.04 "," 1,107.84 "," 5,539.20 "," 5,539.20 ", Alliance Facilities Management Limited ,,,,,,,,,,,,,,,,,,,,,,,,
28-Nov-22,ALLIANCE FACILITIES MANAGEMENT LIMITED,ALLIANCE FACILITY     AS INVOICED BBP," 6,000.00 "," 1,000.00 "," 5,000.00 "," 5,000.00 ", Alliance Facilities Management Limited ,,,,,,,,,,,,,,,,,,,,,,,,
28-Dec-22,ALLIANCE FACILITIES MANAGEMENT LIMITED,ALLIANCE FACILITY     AS INVOICED BBP," 26,093.15 "," 4,348.86 "," 21,744.29 "," 21,744.29 ", Alliance Facilities Management Limited ,,,,,,,,,,,,,,,,,,,,,,,,
25-Jan-23,ALLIANCE FACILITIES MANAGEMENT LIMITED,ALLIANCE FACILITY     AS INVOICED BBP," 25,000.00 "," 4,166.67 "," 20,833.33 "," 20,833.33 ", Alliance Facilities Management Limited ,,,,,,,,,,,,,,,,,,,,,,,,
24-Feb-23,ALLIANCE FACILITIES MANAGEMENT LIMITED,ALLIANCE FACILITY     AS INVOICED BBP," 26,244.20 "," 4,374.03 "," 21,870.17 "," 21,870.17 ", Alliance Facilities Management Limited ,,,,,,,,,,,,,,,,,,,,,,,,
1-Mar-23,ALLIANCE FACILITIES MANAGEMENT LIMITED,ALLIANCE FACILITY     AS INVOICED BBP, 551.00 , 91.83 , 459.17 , 459.17 , Alliance Facilities Management Limited ,,,,,,,,,,,,,,,,,,,,,,,,
3-Mar-23,ALLIANCE FACILITIES MANAGEMENT LIMITED,ALLIANCE FACILITY     AS INVOICED BBP," 17,542.64 "," 2,923.77 "," 14,618.87 "," 14,618.87 ", Alliance Facilities Management Limited ,,,,,,,,,,,,,,,,,,,,,,,,
22-Mar-23,ALLIANCE FACILITIES MANAGEMENT LIMITED,ALLIANCE FACILITY     AS INVOICED FT," 17,542.00 "," 2,923.67 "," 14,618.33 "," 14,618.33 ", Alliance Facilities Management Limited ,,,,,,,,,,,,,,,,,,,,,,,,
27-Mar-23,ALLIANCE FACILITIES MANAGEMENT LIMITED,ALLIANCE FACILITY     AS INVOICED BBP," 20,478.61 "," 3,413.10 "," 17,065.51 "," 17,065.51 ", Alliance Facilities Management Limited ,,,,,,,,,,,,,,,,,,,,,,,,
28-Apr-23,ALLIANCE FACILITIES MANAGEMENT LIMITED,ALLIANCE FACILITY     AS INVOICED BBP," 29,433.95 "," 4,905.66 "," 24,528.29 "," 24,528.29 ", Alliance Facilities Management Limited ,,,,,,,,,,,,,,,,,,,,,,,,
25-Jan-23,CAPITAL PROTECTIONS LTD,CAPITAL PROTECTION    PAYMENT BBP, 811.70 , 135.28 , 676.42 , 676.42 , Capital Protections Ltd ,,,,,,,,,,,,,,,,,,,,,,,,
27-Feb-23,CAPITAL PROTECTIONS LTD,CAPITAL PROTECTION    PAYMENT BBP," 3,915.00 ", 652.50 ," 3,262.50 "," 3,262.50 ", Capital Protections Ltd ,,,,,,,,,,,,,,,,,,,,,,,,
27-Mar-23,CAPITAL PROTECTIONS LTD,CAPITAL PROTECTION    PAYMENT BBP, 108.00 , 18.00 , 90.00 , 90.00 , Capital Protections Ltd ,,,,,,,,,,,,,,,,,,,,,,,,
28-Apr-23,CAPITAL PROTECTIONS LTD,CAPITAL PROTECTION    PAYMENT BBP," 1,622.82 ", 270.47 ," 1,352.35 "," 1,352.35 ", Capital Protections Ltd ,,,,,,,,,,,,,,,,,,,,,,,,
28-Nov-22,COMPLIANCE SECURITY SERVICES LTD,COMPLIANCE SECURIT    AS INVOICED BBP," 29,409.60 "," 4,901.60 "," 24,508.00 "," 24,508.00 ",#N/A,,,,,,,,,,,,,,,,,,,,,,,,
27-Jan-23,COMPLIANCE SECURITY SERVICES LTD,COMPLIANCE SECURIT    AS INVOICED BBP," 14,000.00 "," 2,333.33 "," 11,666.67 "," 11,666.67 ",#N/A,,,,,,,,,,,,,,,,,,,,,,,,
27-Jan-23,COMPLIANCE SECURITY SERVICES LTD,COMPLIANCE SECURIT    AS INVOICED BBP," 8,469.57 "," 1,411.60 "," 7,057.98 "," 7,057.98 ",#N/A,,,,,,,,,,,,,,,,,,,,,,,,
1-Mar-23,COMPLIANCE SECURITY SERVICES LTD,COMPLIANCE SECURIT    AS INVOICED BBP," 24,774.44 "," 4,129.07 "," 20,645.37 "," 20,645.37 ",#N/A,,,,,,,,,,,,,,,,,,,,,,,,
4-Aug-21,DELTA FORCE GROUP LTD,DELTA FACILITIES M    INVOICE            FT ," 8,520.80 "," 1,420.13 "," 7,100.67 "," 7,100.67 ", DELTA FORCE GROUP LTD ,,,,,,,,,,,,,,,,,,,,,,,,
4-Aug-21,DELTA FORCE GROUP LTD,DELTA FACILITIES M    INVOICE            BBP," 2,450.50 ", 408.42 ," 2,042.08 "," 2,042.08 ", DELTA FORCE GROUP LTD ,,,,,,,,,,,,,,,,,,,,,,,,
11-Aug-21,DELTA FORCE GROUP LTD,DELTA FACILITIES M    INVOICE            FT ," 12,500.00 "," 2,083.33 "," 10,416.67 "," 10,416.67 ", DELTA FORCE GROUP LTD ,,,,,,,,,,,,,,,,,,,,,,,,
25-May-22,DELTA FORCE GROUP LTD,DELTA FORCE GROUP     AS INVOICED BBP," 4,560.00 ", 760.00 ," 3,800.00 "," 3,800.00 ", DELTA FORCE GROUP LTD ,,,,,,,,,,,,,,,,,,,,,,,,
31-May-22,DELTA FORCE GROUP LTD,DELTA FORCE GROUP     AS INVOICED BBP," 8,550.00 "," 1,425.00 "," 7,125.00 "," 7,125.00 ", DELTA FORCE GROUP LTD ,,,,,,,,,,,,,,,,,,,,,,,,
7-Jun-22,DELTA FORCE GROUP LTD,DELTA FORCE GROUP     AS INVOICED FT," 20,000.00 "," 3,333.33 "," 16,666.67 "," 16,666.67 ", DELTA FORCE GROUP LTD ,,,,,,,,,,,,,,,,,,,,,,,,
13-Oct-22,DELTA FORCE GROUP LTD,DELTA FORCE GROUP     AS INVOICED FT," 12,798.00 "," 2,133.00 "," 10,665.00 "," 10,665.00 ", DELTA FORCE GROUP LTD ,,,,,,,,,,,,,,,,,,,,,,,,
17-Oct-22,DELTA FORCE GROUP LTD,DELTA FORCE GROUP     AS INVOICED FT," 12,798.00 "," 2,133.00 "," 10,665.00 "," 10,665.00 ", DELTA FORCE GROUP LTD ,,,,,,,,,,,,,,,,,,,,,,,,
17-Oct-22,DELTA FORCE GROUP LTD,DELTA FORCE GROUP     AS INVOICED FT," 17,550.96 "," 2,925.16 "," 14,625.80 "," 14,625.80 ", DELTA FORCE GROUP LTD ,,,,,,,,,,,,,,,,,,,,,,,,
25-Jan-23,DELTA FORCE GROUP LTD,DELTA FORCE GROUP     AS INVOICED BBP," 11,114.40 "," 1,852.40 "," 9,262.00 "," 9,262.00 ", DELTA FORCE GROUP LTD ,,,,,,,,,,,,,,,,,,,,,,,,
27-Jan-23,DPM SECURITY MANAGEMENT LTD,DPM SECURITY MANAG    AS PER INVIOCE BBP," 7,500.00 "," 1,250.00 "," 6,250.00 "," 6,250.00 ", DPM SECURITY MANAGEMENT LTD ,,,,,,,,,,,,,,,,,,,,,,,,
27-Jan-23,DPM SECURITY MANAGEMENT LTD,DPM SECURITY MANAG    AS PER INVIOCE BBP," 12,000.00 "," 2,000.00 "," 10,000.00 "," 10,000.00 ", DPM SECURITY MANAGEMENT LTD ,,,,,,,,,,,,,,,,,,,,,,,,
1-Mar-23,DPM SECURITY MANAGEMENT LTD,DPM SECURITY MANAG    AS PER INVIOCE BBP," 4,500.00 ", 750.00 ," 3,750.00 "," 3,750.00 ", DPM SECURITY MANAGEMENT LTD ,,,,,,,,,,,,,,,,,,,,,,,,
12-Sep-22,FIRST ALLIED FACILITIES LTD,FIRST ALLIED FACIL    AS INVOICED FT," 2,592.00 ", 432.00 ," 2,160.00 "," 2,160.00 ", First Allied Facilities Ltd ,,,,,,,,,,,,,,,,,,,,,,,,
28-Sep-22,FIRST ALLIED FACILITIES LTD,FIRST ALLIED FACIL    AS INVOICED BBP," 2,664.00 ", 444.00 ," 2,220.00 "," 2,220.00 ", First Allied Facilities Ltd ,,,,,,,,,,,,,,,,,,,,,,,,
26-Oct-22,FIRST ALLIED FACILITIES LTD,FIRST ALLIED FACIL    AS INVOICED BBP," 2,691.00 ", 448.50 ," 2,242.50 "," 2,242.50 ", First Allied Facilities Ltd ,,,,,,,,,,,,,,,,,,,,,,,,
31-Oct-22,FIRST ALLIED FACILITIES LTD,FIRST ALLIED FACIL    AS INVOICED BBP, 99.00 , 16.50 , 82.50 , 82.50 , First Allied Facilities Ltd ,,,,,,,,,,,,,,,,,,,,,,,,
23-Nov-22,FIRST ALLIED FACILITIES LTD,FIRST ALLIED FACIL    AS INVOICED BBP," 2,945.00 ", 490.83 ," 2,454.17 "," 2,454.17 ", First Allied Facilities Ltd ,,,,,,,,,,,,,,,,,,,,,,,,
28-Dec-22,FIRST ALLIED FACILITIES LTD,FIRST ALLIED FACIL    AS INVOICED BBP," 2,945.00 ", 490.83 ," 2,454.17 "," 2,454.17 ", First Allied Facilities Ltd ,,,,,,,,,,,,,,,,,,,,,,,,
25-Jan-23,FIRST ALLIED FACILITIES LTD,FIRST ALLIED FACIL    AS INVOICED BBP," 2,762.50 ", 460.42 ," 2,302.08 "," 2,302.08 ", First Allied Facilities Ltd ,,,,,,,,,,,,,,,,,,,,,,,,
24-Feb-23,FIRST ALLIED FACILITIES LTD,FIRST ALLIED FACIL    AS INVOICED BBP," 3,260.50 ", 543.42 ," 2,717.08 "," 2,717.08 ", First Allied Facilities Ltd ,,,,,,,,,,,,,,,,,,,,,,,,
27-Mar-23,FIRST ALLIED FACILITIES LTD,FIRST ALLIED FACIL    AS INVOICED BBP," 2,470.00 ", 411.67 ," 2,058.33 "," 2,058.33 ", First Allied Facilities Ltd ,,,,,,,,,,,,,,,,,,,,,,,,
26-Apr-23,FIRST ALLIED FACILITIES LTD,FIRST ALLIED FACIL    AS INVOICED BBP," 2,945.00 ", 490.83 ," 2,454.17 "," 2,454.17 ", First Allied Facilities Ltd ,,,,,,,,,,,,,,,,,,,,,,,,
28-Dec-22,FIRST CHOICE FM LTD,FIRST CHOICE FM LT    AS INVOICED BBP," 2,364.00 ", 394.00 ," 1,970.00 "," 1,970.00 ", First Choice FM Ltd ,,,,,,,,,,,,,,,,,,,,,,,,
6-Feb-23,FIRST CHOICE FM LTD,FIRST CHOICE FM LT    AS PER INVOICE BBP," 6,476.64 "," 1,079.44 "," 5,397.20 "," 5,397.20 ", First Choice FM Ltd ,,,,,,,,,,,,,,,,,,,,,,,,
24-Feb-23,FIRST CHOICE FM LTD,FIRST CHOICE FM LT    AS PER INVOICE BBP, 472.77 , 78.80 , 393.98 , 393.98 , First Choice FM Ltd ,,,,,,,,,,,,,,,,,,,,,,,,
27-Feb-23,FIRST CHOICE FM LTD,FIRST CHOICE FM LT    AS INVOICED BBP," 4,802.40 ", 800.40 ," 4,002.00 "," 4,002.00 ", First Choice FM Ltd ,,,,,,,,,,,,,,,,,,,,,,,,
27-Mar-23,FIRST CHOICE FM LTD,FIRST CHOICE FM LT    AS INVOICED BBP," 3,528.78 ", 588.13 ," 2,940.65 "," 2,940.65 ", First Choice FM Ltd ,,,,,,,,,,,,,,,,,,,,,,,,
26-Apr-23,FIRST CHOICE FM LTD,FIRST CHOICE FM LT    AS INVOICED BBP," 2,461.70 ", 410.28 ," 2,051.42 "," 2,051.42 ", First Choice FM Ltd ,,,,,,,,,,,,,,,,,,,,,,,,
10-Jun-21,FIRST4FREELANCERS LIMITED,FIRST4FREELANCERS     7759               BBP," 3,286.04 ", 547.67 ," 2,738.37 "," 2,738.37 ", FIRST4FREELANCERS LIMITED ,,,,,,,,,,,,,,,,,,,,,,,,
11-Jun-21,FIRST4FREELANCERS LIMITED,FIRST4FREELANCERS     GUARDIANFM         BBP," 30,000.00 "," 5,000.00 "," 25,000.00 "," 25,000.00 ", FIRST4FREELANCERS LIMITED ,,,,,,,,,,,,,,,,,,,,,,,,
28-Jun-21,FIRST4FREELANCERS LIMITED,FIRST4FREELANCERS     GUARDIANFM         FT ," 20,000.00 "," 3,333.33 "," 16,666.67 "," 16,666.67 ", FIRST4FREELANCERS LIMITED ,,,,,,,,,,,,,,,,,,,,,,,,
9-Jul-21,FIRST4FREELANCERS LIMITED,FIRST4FREELANCERS     GUARDIANFM         BBP," 50,000.00 "," 8,333.33 "," 41,666.67 "," 41,666.67 ", FIRST4FREELANCERS LIMITED ,,,,,,,,,,,,,,,,,,,,,,,,
13-Jul-21,FIRST4FREELANCERS LIMITED,FIRST4FREELANCERS     GUARDIANFM         FT ," 15,804.74 "," 2,634.12 "," 13,170.62 "," 13,170.62 ", FIRST4FREELANCERS LIMITED ,,,,,,,,,,,,,,,,,,,,,,,,
10-Aug-21,FIRST4FREELANCERS LIMITED,FIRST4FREELANCERS     GUARDIANFM         FT ," 15,000.00 "," 2,500.00 "," 12,500.00 "," 12,500.00 ", FIRST4FREELANCERS LIMITED ,,,,,,,,,,,,,,,,,,,,,,,,
11-Aug-21,FIRST4FREELANCERS LIMITED,FIRST4FREELANCERS     GUARDIANFM         FT ," 10,000.00 "," 1,666.67 "," 8,333.33 "," 8,333.33 ", FIRST4FREELANCERS LIMITED ,,,,,,,,,,,,,,,,,,,,,,,,
17-Aug-21,FIRST4FREELANCERS LIMITED,FIRST4FREELANCERS     GUARDIANFM         FT ," 20,000.00 "," 3,333.33 "," 16,666.67 "," 16,666.67 ", FIRST4FREELANCERS LIMITED ,,,,,,,,,,,,,,,,,,,,,,,,
23-Aug-21,FIRST4FREELANCERS LIMITED,FIRST4FREELANCERS     7759               FT ," 10,000.00 "," 1,666.67 "," 8,333.33 "," 8,333.33 ", FIRST4FREELANCERS LIMITED ,,,,,,,,,,,,,,,,,,,,,,,,
1-Sep-21,FIRST4FREELANCERS LIMITED,FIRST4FREELANCERS     GUARDIANFM         FT ," 8,534.13 "," 1,422.36 "," 7,111.78 "," 7,111.78 ", FIRST4FREELANCERS LIMITED ,,,,,,,,,,,,,,,,,,,,,,,,
2-Sep-21,FIRST4FREELANCERS LIMITED,FIRST4FREELANCERS     GUARDIANFM         FT ," 20,000.00 "," 3,333.33 "," 16,666.67 "," 16,666.67 ", FIRST4FREELANCERS LIMITED ,,,,,,,,,,,,,,,,,,,,,,,,
10-Sep-21,FIRST4FREELANCERS LIMITED,FIRST4FREELANCERS     GUARDIANFM         BBP," 12,000.00 "," 2,000.00 "," 10,000.00 "," 10,000.00 ", FIRST4FREELANCERS LIMITED ,,,,,,,,,,,,,,,,,,,,,,,,
13-Sep-21,FIRST4FREELANCERS LIMITED,FIRST4FREELANCERS     GUARDIANFM         BBP," 50,000.00 "," 8,333.33 "," 41,666.67 "," 41,666.67 ", FIRST4FREELANCERS LIMITED ,,,,,,,,,,,,,,,,,,,,,,,,
15-Sep-21,FIRST4FREELANCERS LIMITED,FIRST4FREELANCERS     GUARDIANFM         FT ," 22,000.00 "," 3,666.67 "," 18,333.33 "," 18,333.33 ", FIRST4FREELANCERS LIMITED ,,,,,,,,,,,,,,,,,,,,,,,,
6-Oct-21,FIRST4FREELANCERS LIMITED,FIRST4FREELANCERS     GUARDIANFM         FT ," 40,000.00 "," 6,666.67 "," 33,333.33 "," 33,333.33 ", FIRST4FREELANCERS LIMITED ,,,,,,,,,,,,,,,,,,,,,,,,
11-Oct-21,FIRST4FREELANCERS LIMITED,FIRST4FREELANCERS     GUARDIANFM         FT ," 25,000.00 "," 4,166.67 "," 20,833.33 "," 20,833.33 ", FIRST4FREELANCERS LIMITED ,,,,,,,,,,,,,,,,,,,,,,,,
11-Oct-21,FIRST4FREELANCERS LIMITED,FIRST4FREELANCERS     GUARDIANFM         FT ," 25,000.00 "," 4,166.67 "," 20,833.33 "," 20,833.33 ", FIRST4FREELANCERS LIMITED ,,,,,,,,,,,,,,,,,,,,,,,,
9-Nov-21,FIRST4FREELANCERS LIMITED,FIRST4FREELANCERS     GUARDIANFM         BBP," 50,000.00 "," 8,333.33 "," 41,666.67 "," 41,666.67 ", FIRST4FREELANCERS LIMITED ,,,,,,,,,,,,,,,,,,,,,,,,
10-Nov-21,FIRST4FREELANCERS LIMITED,FIRST4FREELANCERS     GUARDIANFM         BBP," 45,662.21 "," 7,610.37 "," 38,051.84 "," 38,051.84 ", FIRST4FREELANCERS LIMITED ,,,,,,,,,,,,,,,,,,,,,,,,
1-Dec-21,FIRST4FREELANCERS LIMITED,FIRST4FREELANCERS     GUARDIANFM         BBP," 40,000.00 "," 6,666.67 "," 33,333.33 "," 33,333.33 ", FIRST4FREELANCERS LIMITED ,,,,,,,,,,,,,,,,,,,,,,,,
2-Dec-21,FIRST4FREELANCERS LIMITED,FIRST4FREELANCERS     GUARDIANFM         BBP," 50,000.00 "," 8,333.33 "," 41,666.67 "," 41,666.67 ", FIRST4FREELANCERS LIMITED ,,,,,,,,,,,,,,,,,,,,,,,,
9-Dec-21,FIRST4FREELANCERS LIMITED,FIRST4FREELANCERS     GUARDIANFM         FT ," 45,000.00 "," 7,500.00 "," 37,500.00 "," 37,500.00 ", FIRST4FREELANCERS LIMITED ,,,,,,,,,,,,,,,,,,,,,,,,
5-Jan-22,FIRST4FREELANCERS LIMITED,FIRST4FREELANCERS     GUARDIANFM         FT ," 50,000.00 "," 8,333.33 "," 41,666.67 "," 41,666.67 ", FIRST4FREELANCERS LIMITED ,,,,,,,,,,,,,,,,,,,,,,,,
7-Jan-22,FIRST4FREELANCERS LIMITED,FIRST4FREELANCERS     GUARDIANFM         FT ," 50,000.00 "," 8,333.33 "," 41,666.67 "," 41,666.67 ", FIRST4FREELANCERS LIMITED ,,,,,,,,,,,,,,,,,,,,,,,,
8-Feb-22,FIRST4FREELANCERS LIMITED,FIRST4FREELANCERS     GUARDIANFM         BBP," 36,004.10 "," 6,000.68 "," 30,003.42 "," 30,003.42 ", FIRST4FREELANCERS LIMITED ,,,,,,,,,,,,,,,,,,,,,,,,
10-Mar-22,FIRST4FREELANCERS LIMITED,FIRST4FREELANCERS     GUARDIANFM         FT ," 25,000.00 "," 4,166.67 "," 20,833.33 "," 20,833.33 ", FIRST4FREELANCERS LIMITED ,,,,,,,,,,,,,,,,,,,,,,,,
10-Mar-22,FIRST4FREELANCERS LIMITED,FIRST4FREELANCERS     GUARDIANFM         BBP," 50,000.00 "," 8,333.33 "," 41,666.67 "," 41,666.67 ", FIRST4FREELANCERS LIMITED ,,,,,,,,,,,,,,,,,,,,,,,,
11-Mar-22,FIRST4FREELANCERS LIMITED,FIRST4FREELANCERS     GUARDIANFM         BBP," 25,000.00 "," 4,166.67 "," 20,833.33 "," 20,833.33 ", FIRST4FREELANCERS LIMITED ,,,,,,,,,,,,,,,,,,,,,,,,
7-Apr-22,FIRST4FREELANCERS LIMITED,FIRST4FREELANCERS     GUARDIANFM         BBP," 50,000.00 "," 8,333.33 "," 41,666.67 "," 41,666.67 ", FIRST4FREELANCERS LIMITED ,,,,,,,,,,,,,,,,,,,,,,,,
8-Apr-22,FIRST4FREELANCERS LIMITED,FIRST4FREELANCERS     GUARDIANFM         BBP," 50,000.00 "," 8,333.33 "," 41,666.67 "," 41,666.67 ", FIRST4FREELANCERS LIMITED ,,,,,,,,,,,,,,,,,,,,,,,,
10-May-22,FIRST4FREELANCERS LIMITED,FIRST4FREELANCERS     GUARDIANFM BBP," 25,000.00 "," 4,166.67 "," 20,833.33 "," 20,833.33 ", FIRST4FREELANCERS LIMITED ,,,,,,,,,,,,,,,,,,,,,,,,
11-May-22,FIRST4FREELANCERS LIMITED,FIRST4FREELANCERS     GUARDIANFM BBP," 40,000.00 "," 6,666.67 "," 33,333.33 "," 33,333.33 ", FIRST4FREELANCERS LIMITED ,,,,,,,,,,,,,,,,,,,,,,,,
10-Jun-22,FIRST4FREELANCERS LIMITED,FIRST4FREELANCERS     7759 BBP," 50,000.00 "," 8,333.33 "," 41,666.67 "," 41,666.67 ", FIRST4FREELANCERS LIMITED ,,,,,,,,,,,,,,,,,,,,,,,,
6-Jul-22,FIRST4FREELANCERS LIMITED,FIRST4FREELANCERS     7759 BBP," 50,000.00 "," 8,333.33 "," 41,666.67 "," 41,666.67 ", FIRST4FREELANCERS LIMITED ,,,,,,,,,,,,,,,,,,,,,,,,
8-Aug-22,FIRST4FREELANCERS LIMITED,FIRST4FREELANCERS     GUARDIANFM FT," 50,000.00 "," 8,333.33 "," 41,666.67 "," 41,666.67 ", FIRST4FREELANCERS LIMITED ,,,,,,,,,,,,,,,,,,,,,,,,
8-Sep-22,FIRST4FREELANCERS LIMITED,FIRST4FREELANCERS     GUARDIANFM BBP," 50,000.00 "," 8,333.33 "," 41,666.67 "," 41,666.67 ", FIRST4FREELANCERS LIMITED ,,,,,,,,,,,,,,,,,,,,,,,,
11-Nov-22,FIRST4FREELANCERS LIMITED,FIRST4FREELANCERS     GUARDIANFM BBP," 11,000.00 "," 1,833.33 "," 9,166.67 "," 9,166.67 ", FIRST4FREELANCERS LIMITED ,,,,,,,,,,,,,,,,,,,,,,,,
11-Nov-22,FIRST4FREELANCERS LIMITED,FIRST4FREELANCERS     GUARDIANFM FT," 50,000.00 "," 8,333.33 "," 41,666.67 "," 41,666.67 ", FIRST4FREELANCERS LIMITED ,,,,,,,,,,,,,,,,,,,,,,,,
16-Jan-23,FIRST4FREELANCERS LIMITED,FIRST4FREELANCERS     GUARDIANFM FT," 25,000.00 "," 4,166.67 "," 20,833.33 "," 20,833.33 ", FIRST4FREELANCERS LIMITED ,,,,,,,,,,,,,,,,,,,,,,,,
21-Feb-23,FIRST4FREELANCERS LIMITED,FIRST4FREELANCERS     GUARDIANFM BBP," 31,137.07 "," 5,189.51 "," 25,947.56 "," 25,947.56 ", FIRST4FREELANCERS LIMITED ,,,,,,,,,,,,,,,,,,,,,,,,
3-Apr-23,FIRST4FREELANCERS LIMITED,FIRST4FREELANCERS     GUARDIANFM FT," 25,000.00 "," 4,166.67 "," 20,833.33 "," 20,833.33 ", FIRST4FREELANCERS LIMITED ,,,,,,,,,,,,,,,,,,,,,,,,
25-Apr-23,FIRST4FREELANCERS LIMITED,FIRST4FREELANCERS     GUARDIANFM FT," 8,410.16 "," 1,401.69 "," 7,008.47 "," 7,008.47 ", FIRST4FREELANCERS LIMITED ,,,,,,,,,,,,,,,,,,,,,,,,
10-Mar-22,IMPAX SECURITY SERVICES LTD,IMPAX SECURITY SER    AS INVOICED BBP," 4,500.00 ", 750.00 ," 3,750.00 "," 3,750.00 ", Impax Security Services Ltd ,,,,,,,,,,,,,,,,,,,,,,,,
24-Oct-22,IMPAX SECURITY SERVICES LTD,IMPAX SECURITY SER    AS INVOICED BBP," 16,575.31 "," 2,762.55 "," 13,812.76 "," 13,812.76 ", Impax Security Services Ltd ,,,,,,,,,,,,,,,,,,,,,,,,
23-Nov-22,IMPAX SECURITY SERVICES LTD,IMPAX SECURITY SER    AS INVOICED BBP," 6,229.02 "," 1,038.17 "," 5,190.85 "," 5,190.85 ", Impax Security Services Ltd ,,,,,,,,,,,,,,,,,,,,,,,,
25-Jan-23,IMPAX SECURITY SERVICES LTD,IMPAX SECURITY SER    AS INVOICED BBP," 4,389.25 ", 731.54 ," 3,657.71 "," 3,657.71 ", Impax Security Services Ltd ,,,,,,,,,,,,,,,,,,,,,,,,
1-Mar-23,IMPAX SECURITY SERVICES LTD,IMPAX SECURITY SER    AS INVOICED BBP," 6,930.00 "," 1,155.00 "," 5,775.00 "," 5,775.00 ", Impax Security Services Ltd ,,,,,,,,,,,,,,,,,,,,,,,,
3-Mar-23,IMPAX SECURITY SERVICES LTD,IMPAX SECURITY SER    AS INVOICED BBP," 1,195.80 ", 199.30 , 996.50 , 996.50 , Impax Security Services Ltd ,,,,,,,,,,,,,,,,,,,,,,,,
28-Dec-22,MA FACILITIES LIMITED,MA FACILITIES LIMI    AS INVOICED BBP," 1,858.00 ", 309.67 ," 1,548.33 "," 1,548.33 ",#N/A,,,,,,,,,,,,,,,,,,,,,,,,
1-Mar-23,MA FACILITIES LIMITED,MA FACILITIES LIMI    AS INVOICED BBP," 5,471.00 ", 911.83 ," 4,559.17 "," 4,559.17 ",#N/A,,,,,,,,,,,,,,,,,,,,,,,,
27-Jan-23,Man Guard Security Services Ltd,MANGUARD LTD          AS PER INVOICE FT," 1,140.00 ", 190.00 , 950.00 , 950.00 , Man Guard Security Services Ltd ,,,,,,,,,,,,,,,,,,,,,,,,
27-Mar-23,Man Guard Security Services Ltd,MANGUARD LTD          AS PER INVOICE BBP, 588.00 , 98.00 , 490.00 , 490.00 , Man Guard Security Services Ltd ,,,,,,,,,,,,,,,,,,,,,,,,
28-Apr-23,MOXIE SECURITY LTD,MOXIE SECURITY LTD    INVOICED FT," 5,909.39 ", 984.90 ," 4,924.49 "," 4,924.49 ", Moxie Security Ltd ,,,,,,,,,,,,,,,,,,,,,,,,
10-Mar-22,MUGHAL MULTIPLE SERVICES LTD,MUGHAL MULTIPLE SE    INVOICE BBP," 1,506.00 ", 251.00 ," 1,255.00 "," 1,255.00 ",#N/A,,,,,,,,,,,,,,,,,,,,,,,,
4-May-22,MUGHAL MULTIPLE SERVICES LTD,MUGHAL MULTIPLE SE    INVOICE BBP," 4,555.67 ", 759.28 ," 3,796.39 "," 3,796.39 ",#N/A,,,,,,,,,,,,,,,,,,,,,,,,
5-May-22,MUGHAL MULTIPLE SERVICES LTD,MUGHAL MULTIPLE SE    INVOICE0025 BBP," 9,591.41 "," 1,598.57 "," 7,992.84 "," 7,992.84 ",#N/A,,,,,,,,,,,,,,,,,,,,,,,,
20-Jul-22,MUGHAL MULTIPLE SERVICES LTD,MUGHAL MULTIPLE SE    INVOICE BBP," 18,394.00 "," 3,065.67 "," 15,328.33 "," 15,328.33 ",#N/A,,,,,,,,,,,,,,,,,,,,,,,,
23-Nov-22,MUGHAL MULTIPLE SERVICES LTD,MUGHAL MULTIPLE SE    INVOICE BBP," 2,976.70 ", 496.12 ," 2,480.58 "," 2,480.58 ",#N/A,,,,,,,,,,,,,,,,,,,,,,,,
25-Jan-23,MUGHAL MULTIPLE SERVICES LTD,MUGHAL MULTIPLE SE    AS INVOICED BBP," 2,500.00 ", 416.67 ," 2,083.33 "," 2,083.33 ",#N/A,,,,,,,,,,,,,,,,,,,,,,,,
30-Jan-23,MUGHAL MULTIPLE SERVICES LTD,MUGHAL MULTIPLE SE    AS INVOICED BBP," 8,500.00 "," 1,416.67 "," 7,083.33 "," 7,083.33 ",#N/A,,,,,,,,,,,,,,,,,,,,,,,,
6-Mar-23,MUGHAL MULTIPLE SERVICES LTD,MUGHAL MULTIPLE SE    AS INVOICED FT," 2,500.00 ", 416.67 ," 2,083.33 "," 2,083.33 ",#N/A,,,,,,,,,,,,,,,,,,,,,,,,
26-Apr-23,MUGHAL MULTIPLE SERVICES LTD,MUGHAL MULTIPLE SE    AS INVOICED BBP," 5,000.00 ", 833.33 ," 4,166.67 "," 4,166.67 ",#N/A,,,,,,,,,,,,,,,,,,,,,,,,
3-Feb-23,ORIGIN SECURITY LIMITED,ORIGINSECURITY LIM    AS PER INVOICE FT, 849.00 , 141.50 , 707.50 , 707.50 ,#N/A,,,,,,,,,,,,,,,,,,,,,,,,
6-Feb-23,ORIGIN SECURITY LIMITED,ORIGINSECURITY LIM    AS PER INVOICE FT," 4,900.00 ", 816.67 ," 4,083.33 "," 4,083.33 ",#N/A,,,,,,,,,,,,,,,,,,,,,,,,
13-Feb-23,ORIGIN SECURITY LIMITED,ORIGINSECURITY LIM    AS PER INVOICE BBP," 15,000.00 "," 2,500.00 "," 12,500.00 "," 12,500.00 ",#N/A,,,,,,,,,,,,,,,,,,,,,,,,
14-Feb-23,ORIGIN SECURITY LIMITED,ORIGINSECURITY LIM    AS PER INVOICE FT," 8,547.00 "," 1,424.50 "," 7,122.50 "," 7,122.50 ",#N/A,,,,,,,,,,,,,,,,,,,,,,,,
10-Mar-23,ORIGIN SECURITY LIMITED,ORIGINSECURITY LIM    AS PER INVOICE BBP," 23,511.56 "," 3,918.59 "," 19,592.97 "," 19,592.97 ",#N/A,,,,,,,,,,,,,,,,,,,,,,,,
11-Apr-23,ORIGIN SECURITY LIMITED,ORIGINSECURITY LIM    AS PER INVOICE BBP," 23,261.90 "," 3,876.98 "," 19,384.92 "," 19,384.92 ",#N/A,,,,,,,,,,,,,,,,,,,,,,,,
11-Mar-22,PEACE UK SECURITY LTD,PEACE UK SECURITY     INVOICE            BBP," 2,550.00 ", 425.00 ," 2,125.00 "," 2,125.00 ",#N/A,,,,,,,,,,,,,,,,,,,,,,,,
14-Mar-22,PEACE UK SECURITY LTD,PEACE UK SECURITY     INVOICE            BBP," 2,450.00 ", 408.33 ," 2,041.67 "," 2,041.67 ",#N/A,,,,,,,,,,,,,,,,,,,,,,,,
19-Apr-22,PEACE UK SECURITY LTD,PEACE UK SECURITY     INVOICE            FT ," 4,799.00 ", 799.83 ," 3,999.17 "," 3,999.17 ",#N/A,,,,,,,,,,,,,,,,,,,,,,,,
20-Jul-22,PEACE UK SECURITY LTD,PEACE UK SECURITY     INVOICE BBP," 3,560.00 ", 593.33 ," 2,966.67 "," 2,966.67 ",#N/A,,,,,,,,,,,,,,,,,,,,,,,,
26-Aug-22,PEACE UK SECURITY LTD,PEACE UK SECURITY     INVOICE FT," 4,206.00 ", 701.00 ," 3,505.00 "," 3,505.00 ",#N/A,,,,,,,,,,,,,,,,,,,,,,,,
23-Sep-22,PEACE UK SECURITY LTD,PEACE UK SECURITY     INVOICE BBP," 13,536.93 "," 2,256.16 "," 11,280.78 "," 11,280.78 ",#N/A,,,,,,,,,,,,,,,,,,,,,,,,
26-Sep-22,PEACE UK SECURITY LTD,PEACE UK SECURITY     INVOICE FT," 13,536.93 "," 2,256.16 "," 11,280.78 "," 11,280.78 ",#N/A,,,,,,,,,,,,,,,,,,,,,,,,
24-Oct-22,PEACE UK SECURITY LTD,PEACE UK SECURITY     INVOICE BBP," 7,676.57 "," 1,279.43 "," 6,397.14 "," 6,397.14 ",#N/A,,,,,,,,,,,,,,,,,,,,,,,,
24-Nov-22,PEACE UK SECURITY LTD,PEACE UK SECURITY     INVOICE BBP," 12,391.40 "," 2,065.23 "," 10,326.17 "," 10,326.17 ",#N/A,,,,,,,,,,,,,,,,,,,,,,,,
28-Dec-22,PEACE UK SECURITY LTD,PEACE UK SECURITY     INVOICE BBP," 9,419.17 "," 1,569.86 "," 7,849.31 "," 7,849.31 ",#N/A,,,,,,,,,,,,,,,,,,,,,,,,
25-Jan-23,PEACE UK SECURITY LTD,PEACE UK SECURITY     INVOICE BBP," 18,375.00 "," 3,062.50 "," 15,312.50 "," 15,312.50 ",#N/A,,,,,,,,,,,,,,,,,,,,,,,,
27-Jan-23,PEACE UK SECURITY LTD,PEACE UK SECURITY     INVOICE BBP," 1,545.00 ", 257.50 ," 1,287.50 "," 1,287.50 ",#N/A,,,,,,,,,,,,,,,,,,,,,,,,
24-Feb-23,PEACE UK SECURITY LTD,PEACE UK SECURITY     INVOICE BBP," 14,126.96 "," 2,354.49 "," 11,772.47 "," 11,772.47 ",#N/A,,,,,,,,,,,,,,,,,,,,,,,,
27-Mar-23,PEACE UK SECURITY LTD,PEACE UK SECURITY     INVOICE BBP," 9,540.11 "," 1,590.02 "," 7,950.09 "," 7,950.09 ",#N/A,,,,,,,,,,,,,,,,,,,,,,,,
26-Apr-23,PEACE UK SECURITY LTD,PEACE UK SECURITY     INVOICE BBP," 3,566.90 ", 594.48 ," 2,972.42 "," 2,972.42 ",#N/A,,,,,,,,,,,,,,,,,,,,,,,,
23-Nov-21,PPE SECURITY LTD,ADVANTEDGE COMMERC    14455              BBP," 9,442.06 "," 1,573.68 "," 7,868.38 "," 7,868.38 ",#N/A,,,,,,,,,,,,,,,,,,,,,,,,
23-Nov-21,PPE SECURITY LTD,ADVANTEDGE COMMERC    14435              BBP," 6,448.50 "," 1,074.75 "," 5,373.75 "," 5,373.75 ",#N/A,,,,,,,,,,,,,,,,,,,,,,,,
16-Dec-21,PPE SECURITY LTD,ADVANTEDGE COMMERC    14632              BBP," 17,123.22 "," 2,853.87 "," 14,269.35 "," 14,269.35 ",#N/A,,,,,,,,,,,,,,,,,,,,,,,,
10-Mar-22,PPE SECURITY LTD,ADVANTEDGE COMMERC    14435/PPE BBP," 11,692.80 "," 1,948.80 "," 9,744.00 "," 9,744.00 ",#N/A,,,,,,,,,,,,,,,,,,,,,,,,
12-May-22,PPE SECURITY LTD,ADVANTEDGE COMMERC    15017 BBP," 5,997.60 ", 999.60 ," 4,998.00 "," 4,998.00 ",#N/A,,,,,,,,,,,,,,,,,,,,,,,,
20-May-22,PPE SECURITY LTD,ADVANTEDGE COMMERC    15039 BBP," 2,822.40 ", 470.40 ," 2,352.00 "," 2,352.00 ",#N/A,,,,,,,,,,,,,,,,,,,,,,,,
15-Jul-22,PPE SECURITY LTD,ADVANTEDGE COMMERC    15225 BBP," 14,112.00 "," 2,352.00 "," 11,760.00 "," 11,760.00 ",#N/A,,,,,,,,,,,,,,,,,,,,,,,,
22-Aug-22,PPE SECURITY LTD,ADVANTEDGE COMMERC    GUAR001 BBP," 23,385.60 "," 3,897.60 "," 19,488.00 "," 19,488.00 ",#N/A,,,,,,,,,,,,,,,,,,,,,,,,
30-Aug-22,PPE SECURITY LTD,ADVANTEDGE COMMERC    GUAR001 BBP," 9,275.60 "," 1,545.93 "," 7,729.67 "," 7,729.67 ",#N/A,,,,,,,,,,,,,,,,,,,,,,,,
31-Oct-22,PPE SECURITY LTD,ADVANTEDGE COMMERC    14435/PPE BBP," 14,397.60 "," 2,399.60 "," 11,998.00 "," 11,998.00 ",#N/A,,,,,,,,,,,,,,,,,,,,,,,,
23-Nov-22,PPE SECURITY LTD,ADVANTEDGE COMMERC    14435/PPE BBP," 11,306.40 "," 1,884.40 "," 9,422.00 "," 9,422.00 ",#N/A,,,,,,,,,,,,,,,,,,,,,,,,
28-Dec-22,PPE SECURITY LTD,ADVANTEDGE COMMERC    14435 BBP," 11,289.60 "," 1,881.60 "," 9,408.00 "," 9,408.00 ",#N/A,,,,,,,,,,,,,,,,,,,,,,,,
25-Jan-23,PPE SECURITY LTD,ADVANTEDGE COMMERC    14435/PPE BBP," 6,165.60 "," 1,027.60 "," 5,138.00 "," 5,138.00 ",#N/A,,,,,,,,,,,,,,,,,,,,,,,,
27-Feb-23,PPE SECURITY LTD,ADVANTEDGE COMMERC    14435/PPE BBP," 15,086.15 "," 2,514.36 "," 12,571.79 "," 12,571.79 ",#N/A,,,,,,,,,,,,,,,,,,,,,,,,
27-Mar-23,PPE SECURITY LTD,ADVANTEDGE COMMERC    14435/PPE BBP," 11,088.00 "," 1,848.00 "," 9,240.00 "," 9,240.00 ",#N/A,,,,,,,,,,,,,,,,,,,,,,,,
26-Apr-23,PPE SECURITY LTD,ADVANTEDGE COMMERC    14435/PPE BBP," 11,272.80 "," 1,878.80 "," 9,394.00 "," 9,394.00 ",#N/A,,,,,,,,,,,,,,,,,,,,,,,,
22-Mar-22,PREMIER RESOURCES LTD,PREMIER RESOURCES     INV REF/GFM        BBP," 2,520.00 ", 420.00 ," 2,100.00 "," 2,100.00 ",#N/A,,,,,,,,,,,,,,,,,,,,,,,,
28-Mar-22,PREMIER RESOURCES LTD,PREMIER RESOURCES     INV REF/GFM        FT ," 2,394.00 ",," 2,394.00 "," 2,394.00 ",#N/A,,,,,,,,,,,,,,,,,,,,,,,,
19-Apr-22,PREMIER RESOURCES LTD,PREMIER RESOURCES     INV REF/GFM        FT ," 2,637.00 ",," 2,637.00 "," 2,637.00 ",#N/A,,,,,,,,,,,,,,,,,,,,,,,,
16-May-22,PROSEC SOLUTIONS LTD,PROSEC SOLUTIONS L    INVOICE 0252 BBP," 4,580.52 ", 763.42 ," 3,817.10 "," 3,817.10 ",#N/A,,,,,,,,,,,,,,,,,,,,,,,,
17-May-22,PROSEC SOLUTIONS LTD,PROSEC SOLUTIONS L    INVOICE 0254 FT," 16,518.00 "," 2,753.00 "," 13,765.00 "," 13,765.00 ",#N/A,,,,,,,,,,,,,,,,,,,,,,,,
18-Aug-22,PROSEC SOLUTIONS LTD,PROSEC SOLUTIONS L    INVOICE 0259 FT," 6,000.00 "," 1,000.00 "," 5,000.00 "," 5,000.00 ",#N/A,,,,,,,,,,,,,,,,,,,,,,,,
21-Sep-22,PROSEC SOLUTIONS LTD,PROSEC SOLUTIONS L    INVOICE 0284 FT," 16,134.00 "," 2,689.00 "," 13,445.00 "," 13,445.00 ",#N/A,,,,,,,,,,,,,,,,,,,,,,,,
26-Sep-22,PROSEC SOLUTIONS LTD,PROSEC SOLUTIONS L    INVOICE 0264 FT," 22,984.70 "," 3,830.78 "," 19,153.92 "," 19,153.92 ",#N/A,,,,,,,,,,,,,,,,,,,,,,,,
26-Oct-22,PROSEC SOLUTIONS LTD,PROSEC SOLUTIONS L    AS INVOICED BBP," 25,302.00 "," 4,217.00 "," 21,085.00 "," 21,085.00 ",#N/A,,,,,,,,,,,,,,,,,,,,,,,,
23-Nov-22,PROSEC SOLUTIONS LTD,PROSEC SOLUTIONS L    INVOICE 0252 BBP," 5,041.90 ", 840.32 ," 4,201.58 "," 4,201.58 ",#N/A,,,,,,,,,,,,,,,,,,,,,,,,
28-Dec-22,PROSEC SOLUTIONS LTD,PROSEC SOLUTIONS L    AS INVOICED BBP," 4,837.37 ", 806.23 ," 4,031.14 "," 4,031.14 ",#N/A,,,,,,,,,,,,,,,,,,,,,,,,
27-Jan-23,PROSEC SOLUTIONS LTD,PROSEC SOLUTIONS L    INVOICE 0257 BBP," 4,126.00 ", 687.67 ," 3,438.33 "," 3,438.33 ",#N/A,,,,,,,,,,,,,,,,,,,,,,,,
10-Mar-23,PROSEC SOLUTIONS LTD,PROSEC SOLUTIONS L    AS INVOICED GRP, 960.00 , 160.00 , 800.00 , 800.00 ,#N/A,,,,,,,,,,,,,,,,,,,,,,,,
27-Mar-23,PROSEC SOLUTIONS LTD,PROSEC SOLUTIONS L    AS INVOICED BBP," 1,870.00 ", 311.67 ," 1,558.33 "," 1,558.33 ",#N/A,,,,,,,,,,,,,,,,,,,,,,,,
12-May-22,RADLEIGH SECURITY & FM LIMITED,RADLEIGH SECURITY     AS INVOICED FT," 8,518.00 "," 1,419.67 "," 7,098.33 "," 7,098.33 ", Radleigh Security & FM Limited ,,,,,,,,,,,,,,,,,,,,,,,,
28-Nov-22,RADLEIGH SECURITY & FM LIMITED,RADLEIGH SECURITY     AS INVOICED BBP," 4,500.00 ", 750.00 ," 3,750.00 "," 3,750.00 ", Radleigh Security & FM Limited ,,,,,,,,,,,,,,,,,,,,,,,,
28-Dec-22,RADLEIGH SECURITY & FM LIMITED,RADLEIGH SECURITY     AS INVOICED BBP," 13,017.88 "," 2,169.65 "," 10,848.23 "," 10,848.23 ", Radleigh Security & FM Limited ,,,,,,,,,,,,,,,,,,,,,,,,
25-Jan-23,RADLEIGH SECURITY & FM LIMITED,RADLEIGH SECURITY     AS INVOICED BBP," 7,500.00 "," 1,250.00 "," 6,250.00 "," 6,250.00 ", Radleigh Security & FM Limited ,,,,,,,,,,,,,,,,,,,,,,,,
27-Feb-23,RADLEIGH SECURITY & FM LIMITED,RADLEIGH SECURITY     AS INVOICED BBP," 16,472.53 "," 2,745.42 "," 13,727.11 "," 13,727.11 ", Radleigh Security & FM Limited ,,,,,,,,,,,,,,,,,,,,,,,,
1-Mar-23,RADLEIGH SECURITY & FM LIMITED,RADLEIGH SECURITY     AS INVOICED BBP," 17,618.45 "," 2,936.41 "," 14,682.04 "," 14,682.04 ", Radleigh Security & FM Limited ,,,,,,,,,,,,,,,,,,,,,,,,
27-Mar-23,RADLEIGH SECURITY & FM LIMITED,RADLEIGH SECURITY     AS INVOICED BBP," 10,236.50 "," 1,706.08 "," 8,530.42 "," 8,530.42 ", Radleigh Security & FM Limited ,,,,,,,,,,,,,,,,,,,,,,,,
28-Apr-23,RADLEIGH SECURITY & FM LIMITED,RADLEIGH SECURITY     AS INVOICED BBP," 21,635.10 "," 3,605.85 "," 18,029.25 "," 18,029.25 ", Radleigh Security & FM Limited ,,,,,,,,,,,,,,,,,,,,,,,,
4-May-21,RED APPLE BRANDING AND MARKETING CONSULTANCY LTD,RED APPLE             INVOICE            FT ," 6,258.50 "," 1,043.08 "," 5,215.42 "," 5,215.42 ", Red Apple Branding and Marketing Consultancy Ltd ,,,,,,,,,,,,,,,,,,,,,,,,
17-May-21,RED APPLE BRANDING AND MARKETING CONSULTANCY LTD,RED APPLE BRANDING    PAYMENT            FT ," 20,508.80 "," 3,418.13 "," 17,090.67 "," 17,090.67 ", Red Apple Branding and Marketing Consultancy Ltd ,,,,,,,,,,,,,,,,,,,,,,,,
10-Jun-21,RED APPLE BRANDING AND MARKETING CONSULTANCY LTD,RED APPLE             INVOICE            BBP," 27,500.25 "," 4,583.38 "," 22,916.88 "," 22,916.88 ", Red Apple Branding and Marketing Consultancy Ltd ,,,,,,,,,,,,,,,,,,,,,,,,
30-Jun-21,RED APPLE BRANDING AND MARKETING CONSULTANCY LTD,RED APPLE             INVOICE            FT ," 34,580.80 "," 5,763.47 "," 28,817.33 "," 28,817.33 ", Red Apple Branding and Marketing Consultancy Ltd ,,,,,,,,,,,,,,,,,,,,,,,,
8-Jul-21,RED APPLE BRANDING AND MARKETING CONSULTANCY LTD,RED APPLE             INVOICE            BBP," 49,567.45 "," 8,261.24 "," 41,306.21 "," 41,306.21 ", Red Apple Branding and Marketing Consultancy Ltd ,,,,,,,,,,,,,,,,,,,,,,,,
12-Jul-21,RED APPLE BRANDING AND MARKETING CONSULTANCY LTD,RED APPLE             INVOICE            FT ," 9,658.80 "," 1,609.80 "," 8,049.00 "," 8,049.00 ", Red Apple Branding and Marketing Consultancy Ltd ,,,,,,,,,,,,,,,,,,,,,,,,
15-Jul-21,RED APPLE BRANDING AND MARKETING CONSULTANCY LTD,RED APPLE             INVOICE            FT ," 32,580.80 "," 5,430.13 "," 27,150.67 "," 27,150.67 ", Red Apple Branding and Marketing Consultancy Ltd ,,,,,,,,,,,,,,,,,,,,,,,,
20-Jul-21,RED APPLE BRANDING AND MARKETING CONSULTANCY LTD,RED APPLE             INVOICE            BBP," 35,565.00 "," 5,927.50 "," 29,637.50 "," 29,637.50 ", Red Apple Branding and Marketing Consultancy Ltd ,,,,,,,,,,,,,,,,,,,,,,,,
23-Jul-21,RED APPLE BRANDING AND MARKETING CONSULTANCY LTD,RED APPLE BRANDING    PAYMENT            FT ," 15,500.80 "," 2,583.47 "," 12,917.33 "," 12,917.33 ", Red Apple Branding and Marketing Consultancy Ltd ,,,,,,,,,,,,,,,,,,,,,,,,
26-Jul-21,RED APPLE BRANDING AND MARKETING CONSULTANCY LTD,RED APPLE BRANDING    PAYMENT            FT ," 15,080.58 "," 2,513.43 "," 12,567.15 "," 12,567.15 ", Red Apple Branding and Marketing Consultancy Ltd ,,,,,,,,,,,,,,,,,,,,,,,,
26-Jul-21,RED APPLE BRANDING AND MARKETING CONSULTANCY LTD,RED APPLE BRANDING    PAYMENT            FT ," 35,805.80 "," 5,967.63 "," 29,838.17 "," 29,838.17 ", Red Apple Branding and Marketing Consultancy Ltd ,,,,,,,,,,,,,,,,,,,,,,,,
4-Aug-21,RED APPLE BRANDING AND MARKETING CONSULTANCY LTD,RED APPLE BRANDING    PAYMENT            FT ," 29,508.65 "," 4,918.11 "," 24,590.54 "," 24,590.54 ", Red Apple Branding and Marketing Consultancy Ltd ,,,,,,,,,,,,,,,,,,,,,,,,
5-Aug-21,RED APPLE BRANDING AND MARKETING CONSULTANCY LTD,RED APPLE BRANDING    PAYMENT            FT ," 29,508.80 "," 4,918.13 "," 24,590.67 "," 24,590.67 ", Red Apple Branding and Marketing Consultancy Ltd ,,,,,,,,,,,,,,,,,,,,,,,,
9-Aug-21,RED APPLE BRANDING AND MARKETING CONSULTANCY LTD,RED APPLE BRANDING    PAYMENT            BBP," 30,545.50 "," 5,090.92 "," 25,454.58 "," 25,454.58 ", Red Apple Branding and Marketing Consultancy Ltd ,,,,,,,,,,,,,,,,,,,,,,,,
9-Aug-21,RED APPLE BRANDING AND MARKETING CONSULTANCY LTD,RED APPLE BRANDING    PAYMENT            BBP," 45,450.56 "," 7,575.09 "," 37,875.47 "," 37,875.47 ", Red Apple Branding and Marketing Consultancy Ltd ,,,,,,,,,,,,,,,,,,,,,,,,
10-Aug-21,RED APPLE BRANDING AND MARKETING CONSULTANCY LTD,RED APPLE BRANDING    PAYMENT            BBP," 25,467.56 "," 4,244.59 "," 21,222.97 "," 21,222.97 ", Red Apple Branding and Marketing Consultancy Ltd ,,,,,,,,,,,,,,,,,,,,,,,,
10-Aug-21,RED APPLE BRANDING AND MARKETING CONSULTANCY LTD,RED APPLE BRANDING    PAYMENT            BBP," 45,252.35 "," 7,542.06 "," 37,710.29 "," 37,710.29 ", Red Apple Branding and Marketing Consultancy Ltd ,,,,,,,,,,,,,,,,,,,,,,,,
10-Aug-21,RED APPLE BRANDING AND MARKETING CONSULTANCY LTD,RED APPLE BRANDING    PAYMENT            BBP," 25,520.35 "," 4,253.39 "," 21,266.96 "," 21,266.96 ", Red Apple Branding and Marketing Consultancy Ltd ,,,,,,,,,,,,,,,,,,,,,,,,
11-Aug-21,RED APPLE BRANDING AND MARKETING CONSULTANCY LTD,RED APPLE BRANDING    PAYMENT            BBP," 38,542.56 "," 6,423.76 "," 32,118.80 "," 32,118.80 ", Red Apple Branding and Marketing Consultancy Ltd ,,,,,,,,,,,,,,,,,,,,,,,,
11-Aug-21,RED APPLE BRANDING AND MARKETING CONSULTANCY LTD,RED APPLE BRANDING    PAYMENT            BBP," 35,452.56 "," 5,908.76 "," 29,543.80 "," 29,543.80 ", Red Apple Branding and Marketing Consultancy Ltd ,,,,,,,,,,,,,,,,,,,,,,,,
13-Aug-21,RED APPLE BRANDING AND MARKETING CONSULTANCY LTD,RED APPLE BRANDING    PAYMENT            BBP," 35,252.50 "," 5,875.42 "," 29,377.08 "," 29,377.08 ", Red Apple Branding and Marketing Consultancy Ltd ,,,,,,,,,,,,,,,,,,,,,,,,
17-Aug-21,RED APPLE BRANDING AND MARKETING CONSULTANCY LTD,RED APPLE BRANDING    PAYMENT            BBP," 16,000.00 "," 2,666.67 "," 13,333.33 "," 13,333.33 ", Red Apple Branding and Marketing Consultancy Ltd ,,,,,,,,,,,,,,,,,,,,,,,,
17-Aug-21,RED APPLE BRANDING AND MARKETING CONSULTANCY LTD,RED APPLE BRANDING    PAYMENT            BBP," 47,500.00 "," 7,916.67 "," 39,583.33 "," 39,583.33 ", Red Apple Branding and Marketing Consultancy Ltd ,,,,,,,,,,,,,,,,,,,,,,,,
20-Aug-21,RED APPLE BRANDING AND MARKETING CONSULTANCY LTD,RED APPLE BRANDING    PAYMENT            BBP," 45,450.56 "," 7,575.09 "," 37,875.47 "," 37,875.47 ", Red Apple Branding and Marketing Consultancy Ltd ,,,,,,,,,,,,,,,,,,,,,,,,
25-Aug-21,RED APPLE BRANDING AND MARKETING CONSULTANCY LTD,RED APPLE BRANDING    PAYMENT            FT ," 19,000.58 "," 3,166.76 "," 15,833.82 "," 15,833.82 ", Red Apple Branding and Marketing Consultancy Ltd ,,,,,,,,,,,,,,,,,,,,,,,,
26-Aug-21,RED APPLE BRANDING AND MARKETING CONSULTANCY LTD,RED APPLE BRANDING    PAYMENT            FT ," 25,808.50 "," 4,301.42 "," 21,507.08 "," 21,507.08 ", Red Apple Branding and Marketing Consultancy Ltd ,,,,,,,,,,,,,,,,,,,,,,,,
31-Aug-21,RED APPLE BRANDING AND MARKETING CONSULTANCY LTD,RED APPLE BRANDING    PAYMENT            BBP," 25,430.80 "," 4,238.47 "," 21,192.33 "," 21,192.33 ", Red Apple Branding and Marketing Consultancy Ltd ,,,,,,,,,,,,,,,,,,,,,,,,
31-Aug-21,RED APPLE BRANDING AND MARKETING CONSULTANCY LTD,RED APPLE BRANDING    PAYMENT            BBP," 49,550.50 "," 8,258.42 "," 41,292.08 "," 41,292.08 ", Red Apple Branding and Marketing Consultancy Ltd ,,,,,,,,,,,,,,,,,,,,,,,,
6-Sep-21,RED APPLE BRANDING AND MARKETING CONSULTANCY LTD,RED APPLE BRANDING    PAYMENT            BBP," 49,567.40 "," 8,261.23 "," 41,306.17 "," 41,306.17 ", Red Apple Branding and Marketing Consultancy Ltd ,,,,,,,,,,,,,,,,,,,,,,,,
7-Sep-21,RED APPLE BRANDING AND MARKETING CONSULTANCY LTD,RED APPLE BRANDING    PAYMENT            FT ," 15,000.00 "," 2,500.00 "," 12,500.00 "," 12,500.00 ", Red Apple Branding and Marketing Consultancy Ltd ,,,,,,,,,,,,,,,,,,,,,,,,
9-Sep-21,RED APPLE BRANDING AND MARKETING CONSULTANCY LTD,RED APPLE BRANDING    PAYMENT            BBP," 45,689.45 "," 7,614.91 "," 38,074.54 "," 38,074.54 ", Red Apple Branding and Marketing Consultancy Ltd ,,,,,,,,,,,,,,,,,,,,,,,,
9-Sep-21,RED APPLE BRANDING AND MARKETING CONSULTANCY LTD,RED APPLE BRANDING    PAYMENT            FT ," 48,956.80 "," 8,159.47 "," 40,797.33 "," 40,797.33 ", Red Apple Branding and Marketing Consultancy Ltd ,,,,,,,,,,,,,,,,,,,,,,,,
10-Sep-21,RED APPLE BRANDING AND MARKETING CONSULTANCY LTD,RED APPLE BRANDING    PAYMENT            BBP," 47,562.32 "," 7,927.05 "," 39,635.27 "," 39,635.27 ", Red Apple Branding and Marketing Consultancy Ltd ,,,,,,,,,,,,,,,,,,,,,,,,
13-Sep-21,RED APPLE BRANDING AND MARKETING CONSULTANCY LTD,RED APPLE BRANDING    PAYMENT            BBP," 43,520.60 "," 7,253.43 "," 36,267.17 "," 36,267.17 ", Red Apple Branding and Marketing Consultancy Ltd ,,,,,,,,,,,,,,,,,,,,,,,,
13-Sep-21,RED APPLE BRANDING AND MARKETING CONSULTANCY LTD,RED APPLE BRANDING    PAYMENT            BBP," 48,520.50 "," 8,086.75 "," 40,433.75 "," 40,433.75 ", Red Apple Branding and Marketing Consultancy Ltd ,,,,,,,,,,,,,,,,,,,,,,,,
14-Sep-21,RED APPLE BRANDING AND MARKETING CONSULTANCY LTD,RED APPLE BRANDING    PAYMENT            BBP," 49,856.32 "," 8,309.39 "," 41,546.93 "," 41,546.93 ", Red Apple Branding and Marketing Consultancy Ltd ,,,,,,,,,,,,,,,,,,,,,,,,
15-Sep-21,RED APPLE BRANDING AND MARKETING CONSULTANCY LTD,RED APPLE BRANDING    PAYMENT            BBP," 48,956.32 "," 8,159.39 "," 40,796.93 "," 40,796.93 ", Red Apple Branding and Marketing Consultancy Ltd ,,,,,,,,,,,,,,,,,,,,,,,,
16-Sep-21,RED APPLE BRANDING AND MARKETING CONSULTANCY LTD,RED APPLE BRANDING    PAYMENT            BBP," 49,580.52 "," 8,263.42 "," 41,317.10 "," 41,317.10 ", Red Apple Branding and Marketing Consultancy Ltd ,,,,,,,,,,,,,,,,,,,,,,,,
17-Sep-21,RED APPLE BRANDING AND MARKETING CONSULTANCY LTD,RED APPLE BRANDING    PAYMENT            BBP," 20,150.05 "," 3,358.34 "," 16,791.71 "," 16,791.71 ", Red Apple Branding and Marketing Consultancy Ltd ,,,,,,,,,,,,,,,,,,,,,,,,
17-Sep-21,RED APPLE BRANDING AND MARKETING CONSULTANCY LTD,RED APPLE BRANDING    PAYMENT            BBP," 49,230.52 "," 8,205.09 "," 41,025.43 "," 41,025.43 ", Red Apple Branding and Marketing Consultancy Ltd ,,,,,,,,,,,,,,,,,,,,,,,,
20-Sep-21,RED APPLE BRANDING AND MARKETING CONSULTANCY LTD,RED APPLE BRANDING    PAYMENT            BBP," 47,658.20 "," 7,943.03 "," 39,715.17 "," 39,715.17 ", Red Apple Branding and Marketing Consultancy Ltd ,,,,,,,,,,,,,,,,,,,,,,,,
22-Sep-21,RED APPLE BRANDING AND MARKETING CONSULTANCY LTD,RED APPLE BRANDING    PAYMENT            BBP," 49,520.32 "," 8,253.39 "," 41,266.93 "," 41,266.93 ", Red Apple Branding and Marketing Consultancy Ltd ,,,,,,,,,,,,,,,,,,,,,,,,
23-Sep-21,RED APPLE BRANDING AND MARKETING CONSULTANCY LTD,RED APPLE BRANDING    PAYMENT            BBP," 35,252.32 "," 5,875.39 "," 29,376.93 "," 29,376.93 ", Red Apple Branding and Marketing Consultancy Ltd ,,,,,,,,,,,,,,,,,,,,,,,,
28-Sep-21,RED APPLE BRANDING AND MARKETING CONSULTANCY LTD,RED APPLE BRANDING    PAYMENT            BBP," 48,950.20 "," 8,158.37 "," 40,791.83 "," 40,791.83 ", Red Apple Branding and Marketing Consultancy Ltd ,,,,,,,,,,,,,,,,,,,,,,,,
28-Sep-21,RED APPLE BRANDING AND MARKETING CONSULTANCY LTD,RED APPLE BRANDING    PAYMENT            BBP," 39,879.90 "," 6,646.65 "," 33,233.25 "," 33,233.25 ", Red Apple Branding and Marketing Consultancy Ltd ,,,,,,,,,,,,,,,,,,,,,,,,
5-Oct-21,RED APPLE BRANDING AND MARKETING CONSULTANCY LTD,RED APPLE BRANDING    PAYMENT            BBP," 49,523.52 "," 8,253.92 "," 41,269.60 "," 41,269.60 ", Red Apple Branding and Marketing Consultancy Ltd ,,,,,,,,,,,,,,,,,,,,,,,,
8-Oct-21,RED APPLE BRANDING AND MARKETING CONSULTANCY LTD,RED APPLE BRANDING    PAYMENT            FT ," 30,088.80 "," 5,014.80 "," 25,074.00 "," 25,074.00 ", Red Apple Branding and Marketing Consultancy Ltd ,,,,,,,,,,,,,,,,,,,,,,,,
8-Oct-21,RED APPLE BRANDING AND MARKETING CONSULTANCY LTD,RED APPLE BRANDING    PAYMENT            BBP," 49,850.25 "," 8,308.38 "," 41,541.88 "," 41,541.88 ", Red Apple Branding and Marketing Consultancy Ltd ,,,,,,,,,,,,,,,,,,,,,,,,
11-Oct-21,RED APPLE BRANDING AND MARKETING CONSULTANCY LTD,RED APPLE BRANDING    PAYMENT            BBP," 49,768.90 "," 8,294.82 "," 41,474.08 "," 41,474.08 ", Red Apple Branding and Marketing Consultancy Ltd ,,,,,,,,,,,,,,,,,,,,,,,,
11-Oct-21,RED APPLE BRANDING AND MARKETING CONSULTANCY LTD,RED APPLE BRANDING    PAYMENT            BBP," 49,456.78 "," 8,242.80 "," 41,213.98 "," 41,213.98 ", Red Apple Branding and Marketing Consultancy Ltd ,,,,,,,,,,,,,,,,,,,,,,,,
11-Oct-21,RED APPLE BRANDING AND MARKETING CONSULTANCY LTD,RED APPLE BRANDING    PAYMENT            BBP," 47,895.20 "," 7,982.53 "," 39,912.67 "," 39,912.67 ", Red Apple Branding and Marketing Consultancy Ltd ,,,,,,,,,,,,,,,,,,,,,,,,
11-Oct-21,RED APPLE BRANDING AND MARKETING CONSULTANCY LTD,RED APPLE BRANDING    PAYMENT            BBP," 33,520.50 "," 5,586.75 "," 27,933.75 "," 27,933.75 ", Red Apple Branding and Marketing Consultancy Ltd ,,,,,,,,,,,,,,,,,,,,,,,,
11-Oct-21,RED APPLE BRANDING AND MARKETING CONSULTANCY LTD,RED APPLE BRANDING    PAYMENT            BBP," 25,450.55 "," 4,241.76 "," 21,208.79 "," 21,208.79 ", Red Apple Branding and Marketing Consultancy Ltd ,,,,,,,,,,,,,,,,,,,,,,,,
12-Oct-21,RED APPLE BRANDING AND MARKETING CONSULTANCY LTD,RED APPLE BRANDING    PAYMENT            BBP," 48,560.98 "," 8,093.50 "," 40,467.48 "," 40,467.48 ", Red Apple Branding and Marketing Consultancy Ltd ,,,,,,,,,,,,,,,,,,,,,,,,
12-Oct-21,RED APPLE BRANDING AND MARKETING CONSULTANCY LTD,RED APPLE BRANDING    PAYMENT            BBP," 40,520.32 "," 6,753.39 "," 33,766.93 "," 33,766.93 ", Red Apple Branding and Marketing Consultancy Ltd ,,,,,,,,,,,,,,,,,,,,,,,,
13-Oct-21,RED APPLE BRANDING AND MARKETING CONSULTANCY LTD,RED APPLE BRANDING    PAYMENT            BBP," 49,582.31 "," 8,263.72 "," 41,318.59 "," 41,318.59 ", Red Apple Branding and Marketing Consultancy Ltd ,,,,,,,,,,,,,,,,,,,,,,,,
14-Oct-21,RED APPLE BRANDING AND MARKETING CONSULTANCY LTD,RED APPLE BRANDING    PAYMENT            BBP," 39,585.32 "," 6,597.55 "," 32,987.77 "," 32,987.77 ", Red Apple Branding and Marketing Consultancy Ltd ,,,,,,,,,,,,,,,,,,,,,,,,
15-Oct-21,RED APPLE BRANDING AND MARKETING CONSULTANCY LTD,RED APPLE BRANDING    PAYMENT            BBP," 38,952.32 "," 6,492.05 "," 32,460.27 "," 32,460.27 ", Red Apple Branding and Marketing Consultancy Ltd ,,,,,,,,,,,,,,,,,,,,,,,,
19-Oct-21,RED APPLE BRANDING AND MARKETING CONSULTANCY LTD,RED APPLE BRANDING    PAYMENT            BBP," 49,789.34 "," 8,298.22 "," 41,491.12 "," 41,491.12 ", Red Apple Branding and Marketing Consultancy Ltd ,,,,,,,,,,,,,,,,,,,,,,,,
21-Oct-21,RED APPLE BRANDING AND MARKETING CONSULTANCY LTD,RED APPLE BRANDING    PAYMENT            BBP," 49,852.32 "," 8,308.72 "," 41,543.60 "," 41,543.60 ", Red Apple Branding and Marketing Consultancy Ltd ,,,,,,,,,,,,,,,,,,,,,,,,
21-Oct-21,RED APPLE BRANDING AND MARKETING CONSULTANCY LTD,RED APPLE BRANDING    PAYMENT            BBP," 48,769.32 "," 8,128.22 "," 40,641.10 "," 40,641.10 ", Red Apple Branding and Marketing Consultancy Ltd ,,,,,,,,,,,,,,,,,,,,,,,,
29-Oct-21,RED APPLE BRANDING AND MARKETING CONSULTANCY LTD,RED APPLE BRANDING    PAYMENT            BBP," 35,789.67 "," 5,964.95 "," 29,824.73 "," 29,824.73 ", Red Apple Branding and Marketing Consultancy Ltd ,,,,,,,,,,,,,,,,,,,,,,,,
2-Nov-21,RED APPLE BRANDING AND MARKETING CONSULTANCY LTD,RED APPLE BRANDING    PAYMENT            BBP," 49,678.90 "," 8,279.82 "," 41,399.08 "," 41,399.08 ", Red Apple Branding and Marketing Consultancy Ltd ,,,,,,,,,,,,,,,,,,,,,,,,
5-Nov-21,RED APPLE BRANDING AND MARKETING CONSULTANCY LTD,RED APPLE BRANDING    PAYMENT            FT ," 20,858.80 "," 3,476.47 "," 17,382.33 "," 17,382.33 ", Red Apple Branding and Marketing Consultancy Ltd ,,,,,,,,,,,,,,,,,,,,,,,,
10-Nov-21,RED APPLE BRANDING AND MARKETING CONSULTANCY LTD,RED APPLE BRANDING    PAYMENT            BBP," 49,567.00 "," 8,261.17 "," 41,305.83 "," 41,305.83 ", Red Apple Branding and Marketing Consultancy Ltd ,,,,,,,,,,,,,,,,,,,,,,,,
12-Nov-21,RED APPLE BRANDING AND MARKETING CONSULTANCY LTD,RED APPLE BRANDING    PAYMENT            FT ," 24,580.00 "," 4,096.67 "," 20,483.33 "," 20,483.33 ", Red Apple Branding and Marketing Consultancy Ltd ,,,,,,,,,,,,,,,,,,,,,,,,
12-Nov-21,RED APPLE BRANDING AND MARKETING CONSULTANCY LTD,RED APPLE BRANDING    PAYMENT            FT ," 25,000.00 "," 4,166.67 "," 20,833.33 "," 20,833.33 ", Red Apple Branding and Marketing Consultancy Ltd ,,,,,,,,,,,,,,,,,,,,,,,,
16-Nov-21,RED APPLE BRANDING AND MARKETING CONSULTANCY LTD,RED APPLE BRANDING    PAYMENT            FT ," 25,000.00 "," 4,166.67 "," 20,833.33 "," 20,833.33 ", Red Apple Branding and Marketing Consultancy Ltd ,,,,,,,,,,,,,,,,,,,,,,,,
17-Nov-21,RED APPLE BRANDING AND MARKETING CONSULTANCY LTD,RED APPLE BRANDING    PAYMENT            FT ," 24,856.80 "," 4,142.80 "," 20,714.00 "," 20,714.00 ", Red Apple Branding and Marketing Consultancy Ltd ,,,,,,,,,,,,,,,,,,,,,,,,
18-Nov-21,RED APPLE BRANDING AND MARKETING CONSULTANCY LTD,RED APPLE BRANDING    PAYMENT            FT ," 6,580.78 "," 1,096.80 "," 5,483.98 "," 5,483.98 ", Red Apple Branding and Marketing Consultancy Ltd ,,,,,,,,,,,,,,,,,,,,,,,,
18-Nov-21,RED APPLE BRANDING AND MARKETING CONSULTANCY LTD,RED APPLE BRANDING    PAYMENT            BBP," 49,879.45 "," 8,313.24 "," 41,566.21 "," 41,566.21 ", Red Apple Branding and Marketing Consultancy Ltd ,,,,,,,,,,,,,,,,,,,,,,,,
19-Nov-21,RED APPLE BRANDING AND MARKETING CONSULTANCY LTD,RED APPLE BRANDING    PAYMENT            FT ," 25,080.90 "," 4,180.15 "," 20,900.75 "," 20,900.75 ", Red Apple Branding and Marketing Consultancy Ltd ,,,,,,,,,,,,,,,,,,,,,,,,
19-Nov-21,RED APPLE BRANDING AND MARKETING CONSULTANCY LTD,RED APPLE BRANDING    PAYMENT            FT ," 24,800.80 "," 4,133.47 "," 20,667.33 "," 20,667.33 ", Red Apple Branding and Marketing Consultancy Ltd ,,,,,,,,,,,,,,,,,,,,,,,,
22-Nov-21,RED APPLE BRANDING AND MARKETING CONSULTANCY LTD,RED APPLE BRANDING    PAYMENT            BBP," 40,789.90 "," 6,798.32 "," 33,991.58 "," 33,991.58 ", Red Apple Branding and Marketing Consultancy Ltd ,,,,,,,,,,,,,,,,,,,,,,,,
22-Nov-21,RED APPLE BRANDING AND MARKETING CONSULTANCY LTD,RED APPLE BRANDING    PAYMENT            BBP," 49,879.90 "," 8,313.32 "," 41,566.58 "," 41,566.58 ", Red Apple Branding and Marketing Consultancy Ltd ,,,,,,,,,,,,,,,,,,,,,,,,
23-Nov-21,RED APPLE BRANDING AND MARKETING CONSULTANCY LTD,RED APPLE BRANDING    PAYMENT            BBP," 15,000.00 "," 2,500.00 "," 12,500.00 "," 12,500.00 ", Red Apple Branding and Marketing Consultancy Ltd ,,,,,,,,,,,,,,,,,,,,,,,,
23-Nov-21,RED APPLE BRANDING AND MARKETING CONSULTANCY LTD,RED APPLE BRANDING    PAYMENT            BBP," 15,000.00 "," 2,500.00 "," 12,500.00 "," 12,500.00 ", Red Apple Branding and Marketing Consultancy Ltd ,,,,,,,,,,,,,,,,,,,,,,,,
24-Nov-21,RED APPLE BRANDING AND MARKETING CONSULTANCY LTD,RED APPLE BRANDING    PAYMENT            FT ," 20,000.00 "," 3,333.33 "," 16,666.67 "," 16,666.67 ", Red Apple Branding and Marketing Consultancy Ltd ,,,,,,,,,,,,,,,,,,,,,,,,
30-Nov-21,RED APPLE BRANDING AND MARKETING CONSULTANCY LTD,RED APPLE BRANDING    PAYMENT            BBP," 30,000.00 "," 5,000.00 "," 25,000.00 "," 25,000.00 ", Red Apple Branding and Marketing Consultancy Ltd ,,,,,,,,,,,,,,,,,,,,,,,,
1-Dec-21,RED APPLE BRANDING AND MARKETING CONSULTANCY LTD,RED APPLE BRANDING    PAYMENT            FT ," 10,000.00 "," 1,666.67 "," 8,333.33 "," 8,333.33 ", Red Apple Branding and Marketing Consultancy Ltd ,,,,,,,,,,,,,,,,,,,,,,,,
2-Dec-21,RED APPLE BRANDING AND MARKETING CONSULTANCY LTD,RED APPLE BRANDING    PAYMENT            BBP," 25,000.00 "," 4,166.67 "," 20,833.33 "," 20,833.33 ", Red Apple Branding and Marketing Consultancy Ltd ,,,,,,,,,,,,,,,,,,,,,,,,
10-Dec-21,RED APPLE BRANDING AND MARKETING CONSULTANCY LTD,RED APPLE BRANDING    PAYMENT            BBP," 30,450.56 "," 5,075.09 "," 25,375.47 "," 25,375.47 ", Red Apple Branding and Marketing Consultancy Ltd ,,,,,,,,,,,,,,,,,,,,,,,,
10-Dec-21,RED APPLE BRANDING AND MARKETING CONSULTANCY LTD,RED APPLE BRANDING    PAYMENT            FT ," 45,000.00 "," 7,500.00 "," 37,500.00 "," 37,500.00 ", Red Apple Branding and Marketing Consultancy Ltd ,,,,,,,,,,,,,,,,,,,,,,,,
13-Dec-21,RED APPLE BRANDING AND MARKETING CONSULTANCY LTD,RED APPLE BRANDING    PAYMENT            BBP," 49,820.30 "," 8,303.38 "," 41,516.92 "," 41,516.92 ", Red Apple Branding and Marketing Consultancy Ltd ,,,,,,,,,,,,,,,,,,,,,,,,
13-Dec-21,RED APPLE BRANDING AND MARKETING CONSULTANCY LTD,RED APPLE BRANDING    PAYMENT            BBP," 20,054.50 "," 3,342.42 "," 16,712.08 "," 16,712.08 ", Red Apple Branding and Marketing Consultancy Ltd ,,,,,,,,,,,,,,,,,,,,,,,,
13-Dec-21,RED APPLE BRANDING AND MARKETING CONSULTANCY LTD,RED APPLE BRANDING    PAYMENT            FT ," 49,580.80 "," 8,263.47 "," 41,317.33 "," 41,317.33 ", Red Apple Branding and Marketing Consultancy Ltd ,,,,,,,,,,,,,,,,,,,,,,,,
14-Dec-21,RED APPLE BRANDING AND MARKETING CONSULTANCY LTD,RED APPLE BRANDING    PAYMENT            BBP," 47,560.67 "," 7,926.78 "," 39,633.89 "," 39,633.89 ", Red Apple Branding and Marketing Consultancy Ltd ,,,,,,,,,,,,,,,,,,,,,,,,
14-Dec-21,RED APPLE BRANDING AND MARKETING CONSULTANCY LTD,RED APPLE BRANDING    PAYMENT            FT ," 49,560.80 "," 8,260.13 "," 41,300.67 "," 41,300.67 ", Red Apple Branding and Marketing Consultancy Ltd ,,,,,,,,,,,,,,,,,,,,,,,,
15-Dec-21,RED APPLE BRANDING AND MARKETING CONSULTANCY LTD,RED APPLE BRANDING    PAYMENT            BBP," 39,670.98 "," 6,611.83 "," 33,059.15 "," 33,059.15 ", Red Apple Branding and Marketing Consultancy Ltd ,,,,,,,,,,,,,,,,,,,,,,,,
16-Dec-21,RED APPLE BRANDING AND MARKETING CONSULTANCY LTD,RED APPLE BRANDING    PAYMENT            FT ," 48,560.78 "," 8,093.46 "," 40,467.32 "," 40,467.32 ", Red Apple Branding and Marketing Consultancy Ltd ,,,,,,,,,,,,,,,,,,,,,,,,
17-Dec-21,RED APPLE BRANDING AND MARKETING CONSULTANCY LTD,RED APPLE BRANDING    PAYMENT            FT ," 20,058.80 "," 3,343.13 "," 16,715.67 "," 16,715.67 ", Red Apple Branding and Marketing Consultancy Ltd ,,,,,,,,,,,,,,,,,,,,,,,,
22-Dec-21,RED APPLE BRANDING AND MARKETING CONSULTANCY LTD,RED APPLE BRANDING    PAYMENT            FT ," 25,000.00 "," 4,166.67 "," 20,833.33 "," 20,833.33 ", Red Apple Branding and Marketing Consultancy Ltd ,,,,,,,,,,,,,,,,,,,,,,,,
24-Dec-21,RED APPLE BRANDING AND MARKETING CONSULTANCY LTD,RED APPLE BRANDING    PAYMENT            BBP," 45,679.90 "," 7,613.32 "," 38,066.58 "," 38,066.58 ", Red Apple Branding and Marketing Consultancy Ltd ,,,,,,,,,,,,,,,,,,,,,,,,
4-Jan-22,RED APPLE BRANDING AND MARKETING CONSULTANCY LTD,RED APPLE BRANDING    PAYMENT            FT ," 15,258.80 "," 2,543.13 "," 12,715.67 "," 12,715.67 ", Red Apple Branding and Marketing Consultancy Ltd ,,,,,,,,,,,,,,,,,,,,,,,,
10-Jan-22,RED APPLE BRANDING AND MARKETING CONSULTANCY LTD,RED APPLE BRANDING    PAYMENT            FT ," 12,580.80 "," 2,096.80 "," 10,484.00 "," 10,484.00 ", Red Apple Branding and Marketing Consultancy Ltd ,,,,,,,,,,,,,,,,,,,,,,,,
10-Jan-22,RED APPLE BRANDING AND MARKETING CONSULTANCY LTD,RED APPLE BRANDING    PAYMENT            BBP," 49,585.25 "," 8,264.21 "," 41,321.04 "," 41,321.04 ", Red Apple Branding and Marketing Consultancy Ltd ,,,,,,,,,,,,,,,,,,,,,,,,
10-Jan-22,RED APPLE BRANDING AND MARKETING CONSULTANCY LTD,RED APPLE BRANDING    PAYMENT            BBP," 49,580.52 "," 8,263.42 "," 41,317.10 "," 41,317.10 ", Red Apple Branding and Marketing Consultancy Ltd ,,,,,,,,,,,,,,,,,,,,,,,,
10-Jan-22,RED APPLE BRANDING AND MARKETING CONSULTANCY LTD,RED APPLE BRANDING    PAYMENT            BBP," 48,632.20 "," 8,105.37 "," 40,526.83 "," 40,526.83 ", Red Apple Branding and Marketing Consultancy Ltd ,,,,,,,,,,,,,,,,,,,,,,,,
11-Jan-22,RED APPLE BRANDING AND MARKETING CONSULTANCY LTD,RED APPLE BRANDING    PAYMENT            BBP," 47,582.30 "," 7,930.38 "," 39,651.92 "," 39,651.92 ", Red Apple Branding and Marketing Consultancy Ltd ,,,,,,,,,,,,,,,,,,,,,,,,
12-Jan-22,RED APPLE BRANDING AND MARKETING CONSULTANCY LTD,RED APPLE BRANDING    PAYMENT            BBP," 45,625.30 "," 7,604.22 "," 38,021.08 "," 38,021.08 ", Red Apple Branding and Marketing Consultancy Ltd ,,,,,,,,,,,,,,,,,,,,,,,,
17-Jan-22,RED APPLE BRANDING AND MARKETING CONSULTANCY LTD,RED APPLE BRANDING    PAYMENT            FT ," 49,230.80 "," 8,205.13 "," 41,025.67 "," 41,025.67 ", Red Apple Branding and Marketing Consultancy Ltd ,,,,,,,,,,,,,,,,,,,,,,,,
17-Jan-22,RED APPLE BRANDING AND MARKETING CONSULTANCY LTD,RED APPLE BRANDING    PAYMENT            BBP," 34,579.80 "," 5,763.30 "," 28,816.50 "," 28,816.50 ", Red Apple Branding and Marketing Consultancy Ltd ,,,,,,,,,,,,,,,,,,,,,,,,
24-Jan-22,RED APPLE BRANDING AND MARKETING CONSULTANCY LTD,RED APPLE BRANDING    PAYMENT            BBP," 48,520.32 "," 8,086.72 "," 40,433.60 "," 40,433.60 ", Red Apple Branding and Marketing Consultancy Ltd ,,,,,,,,,,,,,,,,,,,,,,,,
2-Feb-22,RED APPLE BRANDING AND MARKETING CONSULTANCY LTD,RED APPLE BRANDING    PAYMENT            FT ," 7,200.00 "," 1,200.00 "," 6,000.00 "," 6,000.00 ", Red Apple Branding and Marketing Consultancy Ltd ,,,,,,,,,,,,,,,,,,,,,,,,
9-Feb-22,RED APPLE BRANDING AND MARKETING CONSULTANCY LTD,RED APPLE BRANDING    PAYMENT            BBP," 37,560.98 "," 6,260.16 "," 31,300.82 "," 31,300.82 ", Red Apple Branding and Marketing Consultancy Ltd ,,,,,,,,,,,,,,,,,,,,,,,,
9-Feb-22,RED APPLE BRANDING AND MARKETING CONSULTANCY LTD,RED APPLE BRANDING    PAYMENT            BBP," 46,870.00 "," 7,811.67 "," 39,058.33 "," 39,058.33 ", Red Apple Branding and Marketing Consultancy Ltd ,,,,,,,,,,,,,,,,,,,,,,,,
10-Feb-22,RED APPLE BRANDING AND MARKETING CONSULTANCY LTD,RED APPLE BRANDING    PAYMENT            BBP," 26,580.00 "," 4,430.00 "," 22,150.00 "," 22,150.00 ", Red Apple Branding and Marketing Consultancy Ltd ,,,,,,,,,,,,,,,,,,,,,,,,
10-Feb-22,RED APPLE BRANDING AND MARKETING CONSULTANCY LTD,RED APPLE BRANDING    PAYMENT            BBP," 45,560.00 "," 7,593.33 "," 37,966.67 "," 37,966.67 ", Red Apple Branding and Marketing Consultancy Ltd ,,,,,,,,,,,,,,,,,,,,,,,,
14-Feb-22,RED APPLE BRANDING AND MARKETING CONSULTANCY LTD,RED APPLE BRANDING    PAYMENT            FT ," 12,000.98 "," 2,000.16 "," 10,000.82 "," 10,000.82 ", Red Apple Branding and Marketing Consultancy Ltd ,,,,,,,,,,,,,,,,,,,,,,,,
16-Feb-22,RED APPLE BRANDING AND MARKETING CONSULTANCY LTD,RED APPLE BRANDING    PAYMENT            BBP," 48,908.89 "," 8,151.48 "," 40,757.41 "," 40,757.41 ", Red Apple Branding and Marketing Consultancy Ltd ,,,,,,,,,,,,,,,,,,,,,,,,
18-Feb-22,RED APPLE BRANDING AND MARKETING CONSULTANCY LTD,RED APPLE BRANDING    PAYMENT            BBP," 37,680.90 "," 6,280.15 "," 31,400.75 "," 31,400.75 ", Red Apple Branding and Marketing Consultancy Ltd ,,,,,,,,,,,,,,,,,,,,,,,,
28-Feb-22,RED APPLE BRANDING AND MARKETING CONSULTANCY LTD,RED APPLE BRANDING    PAYMENT            FT ," 8,520.80 "," 1,420.13 "," 7,100.67 "," 7,100.67 ", Red Apple Branding and Marketing Consultancy Ltd ,,,,,,,,,,,,,,,,,,,,,,,,
11-Apr-22,RED APPLE BRANDING AND MARKETING CONSULTANCY LTD,RED APPLE BRANDING    INVOICE 212        BBP," 1,800.56 ", 300.09 ," 1,500.47 "," 1,500.47 ", Red Apple Branding and Marketing Consultancy Ltd ,,,,,,,,,,,,,,,,,,,,,,,,
12-Sep-22,RED APPLE BRANDING AND MARKETING CONSULTANCY LTD,RED APPLE MARKETIN    00967192BBL FT, 950.00 , 158.33 , 791.67 , 791.67 , Red Apple Branding and Marketing Consultancy Ltd ,,,,,,,,,,,,,,,,,,,,,,,,
8-Nov-22,RED APPLE BRANDING AND MARKETING CONSULTANCY LTD,RED APPLE MARKETIN    00967192BBL BBP," 1,000.00 ", 166.67 , 833.33 , 833.33 , Red Apple Branding and Marketing Consultancy Ltd ,,,,,,,,,,,,,,,,,,,,,,,,
10-Feb-23,REFINE SECURITY SERVICES,REFINE SECURITY SE    AS PER INVOICE GRP," 2,662.20 ", 443.70 ," 2,218.50 "," 2,218.50 ", REFINE SECURITY SERVICES ,,,,,,,,,,,,,,,,,,,,,,,,
10-Mar-23,REFINE SECURITY SERVICES,REFINE SECURITY SE    AS PER INVOICE GRP," 3,770.00 ", 628.33 ," 3,141.67 "," 3,141.67 ", REFINE SECURITY SERVICES ,,,,,,,,,,,,,,,,,,,,,,,,
11-Apr-23,REFINE SECURITY SERVICES,REFINE SECURITY SE    AS PER INVOICE GRP," 5,439.00 ", 906.50 ," 4,532.50 "," 4,532.50 ", REFINE SECURITY SERVICES ,,,,,,,,,,,,,,,,,,,,,,,,
25-May-22,RIA SECURITY LTD  ,RIA SECURITY LTD      AS INVOICED BBP," 4,950.45 ",,, -   , RIA SECURITY LTD   ,,,,,,,,,,,,,,,,,,,,,,,,
31-May-22,RIA SECURITY LTD  ,RIA SECURITY LTD      AS INVOICED BBP," 7,925.45 ",,, -   , RIA SECURITY LTD   ,,,,,,,,,,,,,,,,,,,,,,,,
23-Jun-22,RIA SECURITY LTD  ,RIA SECURITY LTD      AS INVOICED BBP," 1,260.00 ",,, -   , RIA SECURITY LTD   ,,,,,,,,,,,,,,,,,,,,,,,,
20-Jul-22,RIA SECURITY LTD  ,RIA SECURITY LTD      AS INVOICED BBP, 102.00 ,,, -   , RIA SECURITY LTD   ,,,,,,,,,,,,,,,,,,,,,,,,
27-Mar-23,RIA SECURITY LTD  ,RIA SECURITY LTD      AS INVOICED BBP, 408.00 , 68.00 , 340.00 , 340.00 , RIA SECURITY LTD   ,,,,,,,,,,,,,,,,,,,,,,,,
26-Apr-23,RIA SECURITY LTD  ,RIA SECURITY LTD      AS INVOICED BBP," 3,191.52 ", 531.92 ," 2,659.60 "," 2,659.60 ", RIA SECURITY LTD   ,,,,,,,,,,,,,,,,,,,,,,,,
28-Apr-23,RIA SECURITY LTD  ,RIA SECURITY LTD      AS INVOICED BBP," 2,334.00 ", 389.00 ," 1,945.00 "," 1,945.00 ", RIA SECURITY LTD   ,,,,,,,,,,,,,,,,,,,,,,,,
30-Mar-22,RK SECURITY LIMITED,RK SECURITY SERVIC    INVOICE2145        BBP," 3,500.00 ", 583.33 ," 2,916.67 "," 2,916.67 ",#N/A,,,,,,,,,,,,,,,,,,,,,,,,
31-Mar-22,RK SECURITY LIMITED,RK SECURITY SERVIC    INVOICE2147        BBP," 7,350.00 "," 1,225.00 "," 6,125.00 "," 6,125.00 ",#N/A,,,,,,,,,,,,,,,,,,,,,,,,
4-Apr-22,RK SECURITY LIMITED,RK SECURITY SERVIC    INVOICE2149        BBP," 3,624.52 ", 604.09 ," 3,020.43 "," 3,020.43 ",#N/A,,,,,,,,,,,,,,,,,,,,,,,,
19-Apr-22,RK SECURITY LIMITED,RK SECURITY SERVIC    INVOICE2150        BBP," 10,217.00 "," 1,702.83 "," 8,514.17 "," 8,514.17 ",#N/A,,,,,,,,,,,,,,,,,,,,,,,,
22-Apr-22,RK SECURITY LIMITED,RK SECURITY SERVIC    JAV                FT ," 2,000.00 ", 333.33 ," 1,666.67 "," 1,666.67 ",#N/A,,,,,,,,,,,,,,,,,,,,,,,,
30-May-22,RK SECURITY LIMITED,RK SECURITY SERVIC    INVOICE2149 FT," 2,000.00 ", 333.33 ," 1,666.67 "," 1,666.67 ",#N/A,,,,,,,,,,,,,,,,,,,,,,,,
1-Jun-22,RK SECURITY LIMITED,RK SECURITY SERVIC    INVOICE2149 FT," 1,200.00 ", 200.00 ," 1,000.00 "," 1,000.00 ",#N/A,,,,,,,,,,,,,,,,,,,,,,,,
25-Nov-21,RKFM LTD,RK FM LTD             INVOICE            BBP," 5,000.00 ", 833.33 ," 4,166.67 "," 4,166.67 ", RKFM Ltd ,,,,,,,,,,,,,,,,,,,,,,,,
26-Nov-21,RKFM LTD,RK FM LTD             INVOICE            FT ," 5,000.00 ", 833.33 ," 4,166.67 "," 4,166.67 ", RKFM Ltd ,,,,,,,,,,,,,,,,,,,,,,,,
7-Dec-21,RKFM LTD,RK FM LTD             INVOICE            FT ," 5,500.00 ", 916.67 ," 4,583.33 "," 4,583.33 ", RKFM Ltd ,,,,,,,,,,,,,,,,,,,,,,,,
15-Dec-21,RKFM LTD,RK FM LTD             INVOICE            BBP," 20,000.00 "," 3,333.33 "," 16,666.67 "," 16,666.67 ", RKFM Ltd ,,,,,,,,,,,,,,,,,,,,,,,,
28-Feb-22,RKFM LTD,RK FM LTD             INVOICE 0004       FT ," 10,800.00 "," 1,800.00 "," 9,000.00 "," 9,000.00 ", RKFM Ltd ,,,,,,,,,,,,,,,,,,,,,,,,
22-Mar-22,RKFM LTD,RK FM LTD             INVOICE            BBP," 10,800.00 "," 1,800.00 "," 9,000.00 "," 9,000.00 ", RKFM Ltd ,,,,,,,,,,,,,,,,,,,,,,,,
23-Mar-22,RKFM LTD,RK FM LTD             JAV                FT ," 1,478.00 ", 246.33 ," 1,231.67 "," 1,231.67 ", RKFM Ltd ,,,,,,,,,,,,,,,,,,,,,,,,
19-Apr-22,RKFM LTD,RK FM LTD             AS INVOICED        BBP," 12,000.00 "," 2,000.00 "," 10,000.00 "," 10,000.00 ", RKFM Ltd ,,,,,,,,,,,,,,,,,,,,,,,,
25-May-22,RKFM LTD,RK FM LTD             AS INVOICED BBP," 12,000.00 "," 2,000.00 "," 10,000.00 "," 10,000.00 ", RKFM Ltd ,,,,,,,,,,,,,,,,,,,,,,,,
27-Jun-22,RKFM LTD,RK FM LTD             AS INVOICED FT," 5,000.00 ", 833.33 ," 4,166.67 "," 4,166.67 ", RKFM Ltd ,,,,,,,,,,,,,,,,,,,,,,,,
11-Jul-22,RKFM LTD,RK FM LTD             INVOICE BBP," 11,525.10 "," 1,920.85 "," 9,604.25 "," 9,604.25 ", RKFM Ltd ,,,,,,,,,,,,,,,,,,,,,,,,
20-Jul-22,RKFM LTD,RK FM LTD             INVOICE0017 BBP," 12,000.00 "," 2,000.00 "," 10,000.00 "," 10,000.00 ", RKFM Ltd ,,,,,,,,,,,,,,,,,,,,,,,,
5-Sep-22,RKFM LTD,RK FM LTD             AS INVOICED FT," 6,977.00 "," 1,162.83 "," 5,814.17 "," 5,814.17 ", RKFM Ltd ,,,,,,,,,,,,,,,,,,,,,,,,
28-Sep-22,RKFM LTD,RK FM LTD             AS INVOICED BBP," 10,308.29 "," 1,718.05 "," 8,590.24 "," 8,590.24 ", RKFM Ltd ,,,,,,,,,,,,,,,,,,,,,,,,
23-Nov-22,RKFM LTD,RK FM LTD             INVOICE BBP," 18,271.68 "," 3,045.28 "," 15,226.40 "," 15,226.40 ", RKFM Ltd ,,,,,,,,,,,,,,,,,,,,,,,,
28-Dec-22,RKFM LTD,RK FM LTD             INVOICE BBP," 16,423.81 "," 2,737.30 "," 13,686.51 "," 13,686.51 ", RKFM Ltd ,,,,,,,,,,,,,,,,,,,,,,,,
27-Jan-23,RKFM LTD,RK FM LTD             AS INVOICED BBP," 18,275.77 "," 3,045.96 "," 15,229.81 "," 15,229.81 ", RKFM Ltd ,,,,,,,,,,,,,,,,,,,,,,,,
3-Mar-23,RKFM LTD,RK FM LTD             AS INVOICED BBP," 13,755.62 "," 2,292.60 "," 11,463.02 "," 11,463.02 ", RKFM Ltd ,,,,,,,,,,,,,,,,,,,,,,,,
27-Mar-23,RKFM LTD,RK FM LTD             AS INVOICED FT," 9,606.40 "," 1,601.07 "," 8,005.33 "," 8,005.33 ", RKFM Ltd ,,,,,,,,,,,,,,,,,,,,,,,,
26-Apr-23,RKFM LTD,RK FM LTD             AS INVOICED BBP," 5,171.98 ", 862.00 ," 4,309.98 "," 4,309.98 ", RKFM Ltd ,,,,,,,,,,,,,,,,,,,,,,,,
12-Sep-22,ROXEN SECURITY LIMITED,ROXEN SECURITY LTD    AS INVOICED FT," 4,500.00 ", 750.00 ," 3,750.00 "," 3,750.00 ",#N/A,,,,,,,,,,,,,,,,,,,,,,,,
16-Sep-22,ROXEN SECURITY LIMITED,ROXEN SECURITY LTD    AS INVOICED FT," 2,780.75 ", 463.46 ," 2,317.29 "," 2,317.29 ",#N/A,,,,,,,,,,,,,,,,,,,,,,,,
24-Oct-22,ROXEN SECURITY LIMITED,ROXEN SECURITY LTD    AS INVOICED BBP," 20,000.00 "," 3,333.33 "," 16,666.67 "," 16,666.67 ",#N/A,,,,,,,,,,,,,,,,,,,,,,,,
10-Nov-22,ROXEN SECURITY LIMITED,ROXEN SECURITY LTD    AS INVOICED FT," 22,915.25 "," 3,819.21 "," 19,096.04 "," 19,096.04 ",#N/A,,,,,,,,,,,,,,,,,,,,,,,,
14-Nov-22,ROXEN SECURITY LIMITED,ROXEN SECURITY LTD    AS INVOICED FT," 13,295.78 "," 2,215.96 "," 11,079.82 "," 11,079.82 ",#N/A,,,,,,,,,,,,,,,,,,,,,,,,
21-Nov-22,ROXEN SECURITY LIMITED,ROXEN SECURITY LTD    AS INVOICED BBP," 14,500.00 "," 2,416.67 "," 12,083.33 "," 12,083.33 ",#N/A,,,,,,,,,,,,,,,,,,,,,,,,
11-May-22,RR SECURITY SERVICES LTD,RR SECURITY LIMITE    INVOICE 235 BBP," 4,542.44 ", 757.07 ," 3,785.37 "," 3,785.37 ",#N/A,,,,,,,,,,,,,,,,,,,,,,,,
13-Jun-22,RR SECURITY SERVICES LTD,RR SECURITY LIMITE    INVOICE 240 BBP," 15,802.13 "," 2,633.69 "," 13,168.44 "," 13,168.44 ",#N/A,,,,,,,,,,,,,,,,,,,,,,,,
13-Jul-22,RR SECURITY SERVICES LTD,RR SECURITY LIMITE    INVOICE 239 FT," 11,201.00 "," 1,866.83 "," 9,334.17 "," 9,334.17 ",#N/A,,,,,,,,,,,,,,,,,,,,,,,,
15-Jul-22,RR SECURITY SERVICES LTD,RR SECURITY LIMITE    INVOICE 246 FT," 3,000.00 ", 500.00 ," 2,500.00 "," 2,500.00 ",#N/A,,,,,,,,,,,,,,,,,,,,,,,,
18-Jul-22,RR SECURITY SERVICES LTD,RR SECURITY LIMITE    INVOICE 246 FT," 3,700.00 ", 616.67 ," 3,083.33 "," 3,083.33 ",#N/A,,,,,,,,,,,,,,,,,,,,,,,,
21-Jul-22,RR SECURITY SERVICES LTD,RR SECURITY LIMITE    INVOICE 246 FT," 3,600.00 ", 600.00 ," 3,000.00 "," 3,000.00 ",#N/A,,,,,,,,,,,,,,,,,,,,,,,,
26-Jul-22,RR SECURITY SERVICES LTD,RR SECURITY LIMITE    INVOICE 245 FT," 2,000.00 ", 333.33 ," 1,666.67 "," 1,666.67 ",#N/A,,,,,,,,,,,,,,,,,,,,,,,,
15-Aug-22,RR SECURITY SERVICES LTD,RR SECURITY LIMITE    AS INVOICED FT," 2,000.00 ", 333.33 ," 1,666.67 "," 1,666.67 ",#N/A,,,,,,,,,,,,,,,,,,,,,,,,
16-Aug-22,RR SECURITY SERVICES LTD,RR SECURITY LIMITE    INVOICE 245 FT," 3,000.00 ", 500.00 ," 2,500.00 "," 2,500.00 ",#N/A,,,,,,,,,,,,,,,,,,,,,,,,
2-Sep-22,RR SECURITY SERVICES LTD,RR SECURITY LIMITE    INVOICE 251 FT," 10,000.00 "," 1,666.67 "," 8,333.33 "," 8,333.33 ",#N/A,,,,,,,,,,,,,,,,,,,,,,,,
5-Sep-22,RR SECURITY SERVICES LTD,RR SECURITY LIMITE    INVOICE 265 BBP," 11,000.00 "," 1,833.33 "," 9,166.67 "," 9,166.67 ",#N/A,,,,,,,,,,,,,,,,,,,,,,,,
5-Sep-22,RR SECURITY SERVICES LTD,RR SECURITY LIMITE    INVOICE 235 FT," 10,000.00 "," 1,666.67 "," 8,333.33 "," 8,333.33 ",#N/A,,,,,,,,,,,,,,,,,,,,,,,,
5-Sep-22,RR SECURITY SERVICES LTD,RR SECURITY LIMITE    AS INVOICED BBP," 10,000.00 "," 1,666.67 "," 8,333.33 "," 8,333.33 ",#N/A,,,,,,,,,,,,,,,,,,,,,,,,
22-Mar-22,SAFETY SECURITY SERVICES LTD,SAFETY SECURITY SE    INVOICE            BBP, 390.00 , 65.00 , 325.00 , 325.00 ,#N/A,,,,,,,,,,,,,,,,,,,,,,,,
22-Jul-21,SDN SECURITY SOLUTION,SDN SECURITY SOLUT    INVOICE            BBP, 920.00 ,, 920.00 , 920.00 ,#N/A,,,,,,,,,,,,,,,,,,,,,,,,
23-Jul-21,SDN SECURITY SOLUTION,SDN SECURITY SOLUT    INVOICE            FT ," 6,850.45 "," 1,141.74 "," 5,708.71 "," 5,708.71 ",#N/A,,,,,,,,,,,,,,,,,,,,,,,,
26-Jul-21,SDN SECURITY SOLUTION,SDN SECURITY SOLUT    INVOICE            FT ," 11,415.00 "," 1,902.50 "," 9,512.50 "," 9,512.50 ",#N/A,,,,,,,,,,,,,,,,,,,,,,,,
29-Jul-21,SDN SECURITY SOLUTION,SDN SECURITY SOLUT    INVOICE            BBP," 8,000.00 "," 1,333.33 "," 6,666.67 "," 6,666.67 ",#N/A,,,,,,,,,,,,,,,,,,,,,,,,
9-Aug-21,SDN SECURITY SOLUTION,SDN SECURITY SOLUT    INVOICE            BBP," 21,580.52 "," 3,596.75 "," 17,983.77 "," 17,983.77 ",#N/A,,,,,,,,,,,,,,,,,,,,,,,,
9-Aug-21,SDN SECURITY SOLUTION,SDN SECURITY SOLUT    INVOICE            FT ," 20,748.00 "," 3,458.00 "," 17,290.00 "," 17,290.00 ",#N/A,,,,,,,,,,,,,,,,,,,,,,,,
13-Oct-21,SDN SECURITY SOLUTION,SDN SECURITY SOLUT    INVOICE            BBP," 40,000.00 "," 6,666.67 "," 33,333.33 "," 33,333.33 ",#N/A,,,,,,,,,,,,,,,,,,,,,,,,
14-Oct-21,SDN SECURITY SOLUTION,SDN SECURITY SOLUT    INVOICE            FT ," 39,590.50 "," 6,598.42 "," 32,992.08 "," 32,992.08 ",#N/A,,,,,,,,,,,,,,,,,,,,,,,,
19-Oct-21,SDN SECURITY SOLUTION,SDN SECURITY SOLUT    INVOICE            FT ," 25,000.00 "," 4,166.67 "," 20,833.33 "," 20,833.33 ",#N/A,,,,,,,,,,,,,,,,,,,,,,,,
18-Nov-21,SDN SECURITY SOLUTION,SDN SECURITY SOLUT    INVOICE            BBP," 30,000.00 "," 5,000.00 "," 25,000.00 "," 25,000.00 ",#N/A,,,,,,,,,,,,,,,,,,,,,,,,
23-Nov-21,SDN SECURITY SOLUTION,SDN SECURITY SOLUT    INVOICE            BBP," 50,000.00 "," 8,333.33 "," 41,666.67 "," 41,666.67 ",#N/A,,,,,,,,,,,,,,,,,,,,,,,,
24-Nov-21,SDN SECURITY SOLUTION,SDN SECURITY SOLUT    INVOICE            BBP," 50,000.00 "," 8,333.33 "," 41,666.67 "," 41,666.67 ",#N/A,,,,,,,,,,,,,,,,,,,,,,,,
1-Dec-21,SDN SECURITY SOLUTION,SDN SECURITY SOLUT    INVOICE            BBP," 50,000.00 "," 8,333.33 "," 41,666.67 "," 41,666.67 ",#N/A,,,,,,,,,,,,,,,,,,,,,,,,
2-Dec-21,SDN SECURITY SOLUTION,SDN SECURITY SOLUT    INVOICE            BBP," 20,000.00 "," 3,333.33 "," 16,666.67 "," 16,666.67 ",#N/A,,,,,,,,,,,,,,,,,,,,,,,,
15-Dec-21,SDN SECURITY SOLUTION,SDN SECURITY SOLUT    INVOICE            FT ," 40,000.00 "," 6,666.67 "," 33,333.33 "," 33,333.33 ",#N/A,,,,,,,,,,,,,,,,,,,,,,,,
24-Dec-21,SDN SECURITY SOLUTION,SDN SECURITY SOLUT    INVOICE            FT ," 30,000.00 "," 5,000.00 "," 25,000.00 "," 25,000.00 ",#N/A,,,,,,,,,,,,,,,,,,,,,,,,
22-Mar-22,SECURE FIRST FM LTD,SECURE FIRST FM LT    GUARDIAN FM / 71   BBP," 5,400.00 ", 900.00 ," 4,500.00 "," 4,500.00 ",#N/A,,,,,,,,,,,,,,,,,,,,,,,,
19-Apr-22,SECURE FIRST FM LTD,SECURE FIRST FM LT    AS INVOICED        BBP," 9,363.75 "," 1,560.63 "," 7,803.13 "," 7,803.13 ",#N/A,,,,,,,,,,,,,,,,,,,,,,,,
25-May-22,SECURE FIRST FM LTD,SECURE FIRST FM LT    AS INVOICED BBP," 13,669.20 "," 2,278.20 "," 11,391.00 "," 11,391.00 ",#N/A,,,,,,,,,,,,,,,,,,,,,,,,
23-Jun-22,SECURE FIRST FM LTD,SECURE FIRST FM LT    GUARDIAN FM / 74 BBP," 11,445.83 "," 1,907.64 "," 9,538.19 "," 9,538.19 ",#N/A,,,,,,,,,,,,,,,,,,,,,,,,
1-Jul-22,SECURE FIRST FM LTD,SECURE FIRST FM LT    AS INVOICED FT," 2,289.17 ", 381.53 ," 1,907.64 "," 1,907.64 ",#N/A,,,,,,,,,,,,,,,,,,,,,,,,
20-Jul-22,SECURE FIRST FM LTD,SECURE FIRST FM LT    GUARDIAN FM / 108 BBP," 15,437.96 "," 2,572.99 "," 12,864.97 "," 12,864.97 ",#N/A,,,,,,,,,,,,,,,,,,,,,,,,
25-Aug-22,SECURE FIRST FM LTD,SECURE FIRST FM LT    GUARDIAN FM / 71 BBP," 10,767.30 "," 1,794.55 "," 8,972.75 "," 8,972.75 ",#N/A,,,,,,,,,,,,,,,,,,,,,,,,
28-Sep-22,SECURE FIRST FM LTD,SECURE FIRST FM LT    AS INVOICED BBP," 15,030.30 "," 2,505.05 "," 12,525.25 "," 12,525.25 ",#N/A,,,,,,,,,,,,,,,,,,,,,,,,
24-Oct-22,SECURE FIRST FM LTD,SECURE FIRST FM LT    AS INVOICED BBP," 19,406.34 "," 3,234.39 "," 16,171.95 "," 16,171.95 ",#N/A,,,,,,,,,,,,,,,,,,,,,,,,
23-Nov-22,SECURE FIRST FM LTD,SECURE FIRST FM LT    AS INVOICED BBP," 19,272.00 "," 3,212.00 "," 16,060.00 "," 16,060.00 ",#N/A,,,,,,,,,,,,,,,,,,,,,,,,
28-Nov-22,SECURE FIRST FM LTD,SECURE FIRST FM LT    AS INVOICED BBP," 1,380.00 ", 230.00 ," 1,150.00 "," 1,150.00 ",#N/A,,,,,,,,,,,,,,,,,,,,,,,,
19-Dec-22,SECURE FIRST FM LTD,SECURE FIRST FM LT    LOAN FT," 5,000.00 ",,, -   ,#N/A,,,,,,,,,,,,,,,,,,,,,,,,
28-Dec-22,SECURE FIRST FM LTD,SECURE FIRST FM LT    AS INVOICED BBP," 17,607.60 "," 2,934.60 "," 14,673.00 "," 14,673.00 ",#N/A,,,,,,,,,,,,,,,,,,,,,,,,
25-Jan-23,SECURE FIRST FM LTD,SECURE FIRST FM LT    GUARDIAN FM / 71 BBP," 15,548.83 "," 2,591.47 "," 12,957.36 "," 12,957.36 ",#N/A,,,,,,,,,,,,,,,,,,,,,,,,
27-Feb-23,SECURE FIRST FM LTD,SECURE FIRST FM LT    AS INVOICED BBP," 9,092.93 "," 1,515.49 "," 7,577.44 "," 7,577.44 ",#N/A,,,,,,,,,,,,,,,,,,,,,,,,
27-Mar-23,SECURE FIRST FM LTD,SECURE FIRST FM LT    AS INVOICED BBP," 9,446.40 "," 1,574.40 "," 7,872.00 "," 7,872.00 ",#N/A,,,,,,,,,,,,,,,,,,,,,,,,
26-Apr-23,SECURE FIRST FM LTD,SECURE FIRST FM LT    GUARDIAN FM / 71 BBP," 8,067.50 "," 1,344.58 "," 6,722.92 "," 6,722.92 ",#N/A,,,,,,,,,,,,,,,,,,,,,,,,
10-Mar-22,SECURITY SAFE ZONE LTD,SECURITY ZONE MIDL    INVOICE BBP," 24,428.40 "," 4,071.40 "," 20,357.00 "," 20,357.00 ",#N/A,,,,,,,,,,,,,,,,,,,,,,,,
22-Mar-22,SECURITY SAFE ZONE LTD,SECURITY ZONE MIDL    INVOICE            BBP," 6,500.00 "," 1,083.33 "," 5,416.67 "," 5,416.67 ",#N/A,,,,,,,,,,,,,,,,,,,,,,,,
24-Mar-22,SECURITY SAFE ZONE LTD,SECURITY ZONE MIDL    INVOICE215         BBP," 7,148.00 "," 1,191.33 "," 5,956.67 "," 5,956.67 ",#N/A,,,,,,,,,,,,,,,,,,,,,,,,
4-Apr-22,SECURITY SAFE ZONE LTD,SECURITY ZONE MIDL    INVOICE217         BBP," 2,730.92 ", 455.15 ," 2,275.77 "," 2,275.77 ",#N/A,,,,,,,,,,,,,,,,,,,,,,,,
19-Apr-22,SECURITY SAFE ZONE LTD,SECURITY ZONE MIDL    INVOICE219         BBP," 23,010.00 "," 3,835.00 "," 19,175.00 "," 19,175.00 ",#N/A,,,,,,,,,,,,,,,,,,,,,,,,
20-May-22,SECURITY SAFE ZONE LTD,SECURITY ZONE MIDL    INVOICE230 BBP," 15,968.44 "," 2,661.41 "," 13,307.03 "," 13,307.03 ",#N/A,,,,,,,,,,,,,,,,,,,,,,,,
23-Jun-22,SECURITY SAFE ZONE LTD,SECURITY ZONE MIDL    INVOICE232 BBP," 16,122.60 "," 2,687.10 "," 13,435.50 "," 13,435.50 ",#N/A,,,,,,,,,,,,,,,,,,,,,,,,
20-Jul-22,SECURITY SAFE ZONE LTD,SECURITY ZONE MIDL    INVOICE BBP," 12,052.00 "," 2,008.67 "," 10,043.33 "," 10,043.33 ",#N/A,,,,,,,,,,,,,,,,,,,,,,,,
26-Aug-22,SECURITY SAFE ZONE LTD,SECURITY ZONE MIDL    INVOICE225 FT," 24,373.00 "," 4,062.17 "," 20,310.83 "," 20,310.83 ",#N/A,,,,,,,,,,,,,,,,,,,,,,,,
30-Aug-22,SECURITY SAFE ZONE LTD,SECURITY ZONE MIDL    INVOICE239 BBP," 10,000.00 "," 1,666.67 "," 8,333.33 "," 8,333.33 ",#N/A,,,,,,,,,,,,,,,,,,,,,,,,
24-Oct-22,SECURITY SAFE ZONE LTD,SECURITY ZONE MIDL    INVOICE BBP," 9,447.00 "," 1,574.50 "," 7,872.50 "," 7,872.50 ",#N/A,,,,,,,,,,,,,,,,,,,,,,,,
26-Oct-22,SECURITY SAFE ZONE LTD,SECURITY ZONE MIDL    INVOICE BBP," 20,896.80 "," 3,482.80 "," 17,414.00 "," 17,414.00 ",#N/A,,,,,,,,,,,,,,,,,,,,,,,,
23-Nov-22,SECURITY SAFE ZONE LTD,SECURITY ZONE MIDL    INVOICE BBP," 17,431.32 "," 2,905.22 "," 14,526.10 "," 14,526.10 ",#N/A,,,,,,,,,,,,,,,,,,,,,,,,
28-Dec-22,SECURITY SAFE ZONE LTD,SECURITY ZONE MIDL    INVOICE BBP," 3,344.29 ", 557.38 ," 2,786.91 "," 2,786.91 ",#N/A,,,,,,,,,,,,,,,,,,,,,,,,
28-Dec-22,SECURITY SAFE ZONE LTD,SECURITY ZONE MIDL    INVOICE BBP," 10,000.00 "," 1,666.67 "," 8,333.33 "," 8,333.33 ",#N/A,,,,,,,,,,,,,,,,,,,,,,,,
27-Jan-23,SECURITY SAFE ZONE LTD,SECURITY ZONE MIDL    INVOICE BBP," 16,144.80 "," 2,690.80 "," 13,454.00 "," 13,454.00 ",#N/A,,,,,,,,,,,,,,,,,,,,,,,,
8-Mar-23,SECURITY SAFE ZONE LTD,SECURITY ZONE MIDL    INVOICE BBP," 12,381.60 "," 2,063.60 "," 10,318.00 "," 10,318.00 ",#N/A,,,,,,,,,,,,,,,,,,,,,,,,
27-Mar-23,SECURITY SAFE ZONE LTD,SECURITY ZONE MIDL    INVOICE BBP," 12,909.60 "," 2,151.60 "," 10,758.00 "," 10,758.00 ",#N/A,,,,,,,,,,,,,,,,,,,,,,,,
26-Apr-23,SECURITY SAFE ZONE LTD,SECURITY ZONE MIDL    INVOICE BBP," 17,943.64 "," 2,990.61 "," 14,953.03 "," 14,953.03 ",#N/A,,,,,,,,,,,,,,,,,,,,,,,,
26-Apr-23,SECURITY SMART LTD,SECURITY SMART LTD    AS PER INVOICE BBP," 9,500.00 "," 1,583.33 "," 7,916.67 "," 7,916.67 ",#N/A,,,,,,,,,,,,,,,,,,,,,,,,
27-Apr-23,SECURITY SMART LTD,SECURITY SMART LTD    AS PER INVOICE FT," 6,500.00 "," 1,083.33 "," 5,416.67 "," 5,416.67 ",#N/A,,,,,,,,,,,,,,,,,,,,,,,,
28-Apr-23,SECURITY SMART LTD,SECURITY SMART LTD    AS PER INVOICE BBP," 14,000.00 "," 2,333.33 "," 11,666.67 "," 11,666.67 ",#N/A,,,,,,,,,,,,,,,,,,,,,,,,
4-May-21,SILICON MANAGEMENT,SILCON MANAGEMNET     INVOICE            FT ," 15,408.58 "," 2,568.10 "," 12,840.48 "," 12,840.48 ",#N/A,,,,,,,,,,,,,,,,,,,,,,,,
4-May-21,SILICON MANAGEMENT,SILCON MANAGEMNET     INVOICE            FT ," 15,808.90 "," 2,634.82 "," 13,174.08 "," 13,174.08 ",#N/A,,,,,,,,,,,,,,,,,,,,,,,,
4-May-21,SILICON MANAGEMENT,SILCON MANAGEMNET     INVOICE            BBP," 11,200.40 "," 1,866.73 "," 9,333.67 "," 9,333.67 ",#N/A,,,,,,,,,,,,,,,,,,,,,,,,
10-May-21,SILICON MANAGEMENT,SILCON MANAGEMNET     INVOICE            FT ," 49,500.80 "," 8,250.13 "," 41,250.67 "," 41,250.67 ",#N/A,,,,,,,,,,,,,,,,,,,,,,,,
11-May-21,SILICON MANAGEMENT,SILCON MANAGEMNET     INVOICE            FT ," 5,208.80 ", 868.13 ," 4,340.67 "," 4,340.67 ",#N/A,,,,,,,,,,,,,,,,,,,,,,,,
17-May-21,SILICON MANAGEMENT,SILCON MANAGEMNET     INVOICE            BBP," 49,450.67 "," 8,241.78 "," 41,208.89 "," 41,208.89 ",#N/A,,,,,,,,,,,,,,,,,,,,,,,,
17-May-21,SILICON MANAGEMENT,SILCON MANAGEMNET     INVOICE            FT ," 8,050.80 "," 1,341.80 "," 6,709.00 "," 6,709.00 ",#N/A,,,,,,,,,,,,,,,,,,,,,,,,
19-May-21,SILICON MANAGEMENT,SILCON MANAGEMNET     INVOICE            FT ," 26,508.80 "," 4,418.13 "," 22,090.67 "," 22,090.67 ",#N/A,,,,,,,,,,,,,,,,,,,,,,,,
24-May-21,SILICON MANAGEMENT,SILCON MANAGEMNET     INVOICE            FT ," 13,580.50 "," 2,263.42 "," 11,317.08 "," 11,317.08 ",#N/A,,,,,,,,,,,,,,,,,,,,,,,,
24-May-21,SILICON MANAGEMENT,SILCON MANAGEMNET     INVOICE            FT ," 3,850.80 ", 641.80 ," 3,209.00 "," 3,209.00 ",#N/A,,,,,,,,,,,,,,,,,,,,,,,,
1-Jun-21,SILICON MANAGEMENT,SILCON MANAGEMNET     INVOICE            FT ," 27,500.80 "," 4,583.47 "," 22,917.33 "," 22,917.33 ",#N/A,,,,,,,,,,,,,,,,,,,,,,,,
1-Jun-21,SILICON MANAGEMENT,SILCON MANAGEMNET     INVOICE            FT ," 22,500.80 "," 3,750.13 "," 18,750.67 "," 18,750.67 ",#N/A,,,,,,,,,,,,,,,,,,,,,,,,
10-Jun-21,SILICON MANAGEMENT,SILCON MANAGEMNET     INVOICE            BBP," 49,500.50 "," 8,250.08 "," 41,250.42 "," 41,250.42 ",#N/A,,,,,,,,,,,,,,,,,,,,,,,,
11-Jun-21,SILICON MANAGEMENT,SILCON MANAGEMNET     INVOICE            FT ," 6,850.80 "," 1,141.80 "," 5,709.00 "," 5,709.00 ",#N/A,,,,,,,,,,,,,,,,,,,,,,,,
11-Jun-21,SILICON MANAGEMENT,SILCON MANAGEMNET     INVOICE            BBP," 48,390.56 "," 8,065.09 "," 40,325.47 "," 40,325.47 ",#N/A,,,,,,,,,,,,,,,,,,,,,,,,
15-Jun-21,SILICON MANAGEMENT,SILCON MANAGEMNET     INVOICE            FT ," 49,500.50 "," 8,250.08 "," 41,250.42 "," 41,250.42 ",#N/A,,,,,,,,,,,,,,,,,,,,,,,,
16-Jun-21,SILICON MANAGEMENT,SILCON MANAGEMNET     INVOICE            FT ," 22,580.90 "," 3,763.48 "," 18,817.42 "," 18,817.42 ",#N/A,,,,,,,,,,,,,,,,,,,,,,,,
17-Jun-21,SILICON MANAGEMENT,SILCON MANAGEMNET     INVOICE            FT ," 22,508.80 "," 3,751.47 "," 18,757.33 "," 18,757.33 ",#N/A,,,,,,,,,,,,,,,,,,,,,,,,
18-Jun-21,SILICON MANAGEMENT,SILCON MANAGEMNET     INVOICE            FT ," 25,805.80 "," 4,300.97 "," 21,504.83 "," 21,504.83 ",#N/A,,,,,,,,,,,,,,,,,,,,,,,,
21-Jun-21,SILICON MANAGEMENT,SILCON MANAGEMNET     INVOICE            FT ," 9,508.80 "," 1,584.80 "," 7,924.00 "," 7,924.00 ",#N/A,,,,,,,,,,,,,,,,,,,,,,,,
21-Jun-21,SILICON MANAGEMENT,SILCON MANAGEMNET     INVOICE            FT ," 2,580.74 ", 430.12 ," 2,150.62 "," 2,150.62 ",#N/A,,,,,,,,,,,,,,,,,,,,,,,,
22-Jun-21,SILICON MANAGEMENT,SILCON MANAGEMNET     INVOICE            FT ," 12,580.58 "," 2,096.76 "," 10,483.82 "," 10,483.82 ",#N/A,,,,,,,,,,,,,,,,,,,,,,,,
23-Jun-21,SILICON MANAGEMENT,SILCON MANAGEMNET     INVOICE            FT ," 2,580.58 ", 430.10 ," 2,150.48 "," 2,150.48 ",#N/A,,,,,,,,,,,,,,,,,,,,,,,,
24-Jun-21,SILICON MANAGEMENT,SILCON MANAGEMNET     INVOICE            FT ," 26,000.00 "," 4,333.33 "," 21,666.67 "," 21,666.67 ",#N/A,,,,,,,,,,,,,,,,,,,,,,,,
29-Jun-21,SILICON MANAGEMENT,SILCON MANAGEMNET     INVOICE            FT ," 49,580.50 "," 8,263.42 "," 41,317.08 "," 41,317.08 ",#N/A,,,,,,,,,,,,,,,,,,,,,,,,
30-Jun-21,SILICON MANAGEMENT,SILCON MANAGEMNET     INVOICE            BBP," 49,980.90 "," 8,330.15 "," 41,650.75 "," 41,650.75 ",#N/A,,,,,,,,,,,,,,,,,,,,,,,,
7-Jul-21,SILICON MANAGEMENT,SILCON MANAGEMNET     INVOICE            FT ," 32,085.80 "," 5,347.63 "," 26,738.17 "," 26,738.17 ",#N/A,,,,,,,,,,,,,,,,,,,,,,,,
8-Jul-21,SILICON MANAGEMENT,SILCON MANAGEMNET     INVOICE            BBP," 49,567.45 "," 8,261.24 "," 41,306.21 "," 41,306.21 ",#N/A,,,,,,,,,,,,,,,,,,,,,,,,
9-Jul-21,SILICON MANAGEMENT,SILCON MANAGEMNET     INVOICE            FT ," 48,500.80 "," 8,083.47 "," 40,417.33 "," 40,417.33 ",#N/A,,,,,,,,,,,,,,,,,,,,,,,,
12-Jul-21,SILICON MANAGEMENT,SILCON MANAGEMNET     INVOICE            BBP," 19,500.20 "," 3,250.03 "," 16,250.17 "," 16,250.17 ",#N/A,,,,,,,,,,,,,,,,,,,,,,,,
14-Jul-21,SILICON MANAGEMENT,SILCON MANAGEMNET     INVOICE            FT ," 25,850.00 "," 4,308.33 "," 21,541.67 "," 21,541.67 ",#N/A,,,,,,,,,,,,,,,,,,,,,,,,
15-Jul-21,SILICON MANAGEMENT,SILCON MANAGEMNET     INVOICE            BBP," 29,780.45 "," 4,963.41 "," 24,817.04 "," 24,817.04 ",#N/A,,,,,,,,,,,,,,,,,,,,,,,,
15-Jul-21,SILICON MANAGEMENT,SILCON MANAGEMNET     INVOICE            FT ," 15,800.58 "," 2,633.43 "," 13,167.15 "," 13,167.15 ",#N/A,,,,,,,,,,,,,,,,,,,,,,,,
16-Jul-21,SILICON MANAGEMENT,SILCON MANAGEMNET     INVOICE            FT ," 35,650.09 "," 5,941.68 "," 29,708.41 "," 29,708.41 ",#N/A,,,,,,,,,,,,,,,,,,,,,,,,
21-Jul-21,SILICON MANAGEMENT,SILCON MANAGEMNET     INVOICE            BBP," 35,468.90 "," 5,911.48 "," 29,557.42 "," 29,557.42 ",#N/A,,,,,,,,,,,,,,,,,,,,,,,,
20-Aug-21,SILICON MANAGEMENT,SILCON MANAGEMNET     INVOICE            FT ," 12,500.80 "," 2,083.47 "," 10,417.33 "," 10,417.33 ",#N/A,,,,,,,,,,,,,,,,,,,,,,,,
13-Sep-21,SILICON MANAGEMENT,SILCON MANAGEMNET     INVOICE            FT ," 10,506.80 "," 1,751.13 "," 8,755.67 "," 8,755.67 ",#N/A,,,,,,,,,,,,,,,,,,,,,,,,
15-Sep-21,SILICON MANAGEMENT,SILCON MANAGEMNET     INVOICE            FT ," 2,000.00 ", 333.33 ," 1,666.67 "," 1,666.67 ",#N/A,,,,,,,,,,,,,,,,,,,,,,,,
29-Sep-21,SILICON MANAGEMENT,SILCON MANAGEMNET     INVOICE            FT ," 2,500.00 ", 416.67 ," 2,083.33 "," 2,083.33 ",#N/A,,,,,,,,,,,,,,,,,,,,,,,,
3-Nov-21,SILICON MANAGEMENT,SILCON MANAGEMNET     INVOICE            FT ," 1,200.00 ", 200.00 ," 1,000.00 "," 1,000.00 ",#N/A,,,,,,,,,,,,,,,,,,,,,,,,
21-Apr-22,SILICON MANAGEMENT,SILICON MANAGEMENT    AS INVOICED        BBP," 4,358.90 ", 726.48 ," 3,632.42 "," 3,632.42 ",#N/A,,,,,,,,,,,,,,,,,,,,,,,,
11-May-22,SILICON MANAGEMENT,SILICON MANAGEMENT    AS INVOICED BBP," 9,505.50 "," 1,584.25 "," 7,921.25 "," 7,921.25 ",#N/A,,,,,,,,,,,,,,,,,,,,,,,,
22-Aug-22,TAURUS INVESTIGATION AND PROTECTION SERVICES LTD,TAURUS INVESTIGATI    INVOICE BBP," 6,707.75 "," 1,117.96 "," 5,589.79 "," 5,589.79 ", Taurus Investigation and Protection Services Ltd ,,,,,,,,,,,,,,,,,,,,,,,,
23-Sep-22,TAURUS INVESTIGATION AND PROTECTION SERVICES LTD,TAURUS INVESTIGATI    INVOICE027 FT," 13,536.93 "," 2,256.16 "," 11,280.78 "," 11,280.78 ", Taurus Investigation and Protection Services Ltd ,,,,,,,,,,,,,,,,,,,,,,,,
13-Sep-22,TMT SECURITY LTD,TMT SECURITY SERVI    AS INVOICED FT," 4,588.00 ", 764.67 ," 3,823.33 "," 3,823.33 ",#N/A,,,,,,,,,,,,,,,,,,,,,,,,
28-Sep-22,TMT SECURITY LTD,TMT SECURITY SERVI    AS INVOICED BBP," 4,588.00 ", 764.67 ," 3,823.33 "," 3,823.33 ",#N/A,,,,,,,,,,,,,,,,,,,,,,,,
17-Oct-22,TMT SECURITY LTD,TMT SECURITY SERVI    AS INVOICED FT," 7,224.00 "," 1,204.00 "," 6,020.00 "," 6,020.00 ",#N/A,,,,,,,,,,,,,,,,,,,,,,,,
17-Nov-22,TMT SECURITY LTD,TMT SECURITY SERVI    AS INVOICED FT," 4,856.00 ", 809.33 ," 4,046.67 "," 4,046.67 ",#N/A,,,,,,,,,,,,,,,,,,,,,,,,
15-Dec-22,TMT SECURITY LTD,TMT SECURITY SERVI    AS INVOICED FT," 1,392.00 ", 232.00 ," 1,160.00 "," 1,160.00 ",#N/A,,,,,,,,,,,,,,,,,,,,,,,,
18-Jun-21,UK FORCE SERVICES LIMITED,UK FORCE SERVICES     PAY                BBP," 4,950.50 ", 825.08 ," 4,125.42 "," 4,125.42 ", UK Force Services Limited ,,,,,,,,,,,,,,,,,,,,,,,,
21-Jun-21,UK FORCE SERVICES LIMITED,UK FORCE SERVICES     PAY                FT ," 23,682.00 "," 3,947.00 "," 19,735.00 "," 19,735.00 ", UK Force Services Limited ,,,,,,,,,,,,,,,,,,,,,,,,
19-Jul-21,UK FORCE SERVICES LIMITED,UK FORCE SERVICES     PAY                BBP," 25,000.00 "," 4,166.67 "," 20,833.33 "," 20,833.33 ", UK Force Services Limited ,,,,,,,,,,,,,,,,,,,,,,,,
28-Jul-21,UK FORCE SERVICES LIMITED,UK FORCE SERVICES     PAY                FT ," 15,000.00 "," 2,500.00 "," 12,500.00 "," 12,500.00 ", UK Force Services Limited ,,,,,,,,,,,,,,,,,,,,,,,,
20-Aug-21,UK FORCE SERVICES LIMITED,UK FORCE SERVICES     PAY                FT ," 21,600.00 "," 3,600.00 "," 18,000.00 "," 18,000.00 ", UK Force Services Limited ,,,,,,,,,,,,,,,,,,,,,,,,
17-Sep-21,UK FORCE SERVICES LIMITED,UK FORCE SERVICES     PAY                BBP," 22,800.00 "," 3,800.00 "," 19,000.00 "," 19,000.00 ", UK Force Services Limited ,,,,,,,,,,,,,,,,,,,,,,,,
20-Oct-21,UK FORCE SERVICES LIMITED,UK FORCE SERVICES     PAY                BBP," 22,000.00 "," 3,666.67 "," 18,333.33 "," 18,333.33 ", UK Force Services Limited ,,,,,,,,,,,,,,,,,,,,,,,,
25-Nov-21,UK FORCE SERVICES LIMITED,UK FORCE SERVICES     PAY                BBP," 2,408.63 ", 401.44 ," 2,007.19 "," 2,007.19 ", UK Force Services Limited ,,,,,,,,,,,,,,,,,,,,,,,,
20-Dec-21,UK FORCE SERVICES LIMITED,UK FORCE SERVICES     PAY                FT ," 2,448.00 ", 408.00 ," 2,040.00 "," 2,040.00 ", UK Force Services Limited ,,,,,,,,,,,,,,,,,,,,,,,,
24-Dec-21,UK FORCE SERVICES LIMITED,UK FORCE SERVICES     PAY                FT ," 3,521.00 ", 586.83 ," 2,934.17 "," 2,934.17 ", UK Force Services Limited ,,,,,,,,,,,,,,,,,,,,,,,,
25-Jan-22,UK FORCE SERVICES LIMITED,UK FORCE SERVICES     PAY                FT ," 2,013.60 ", 335.60 ," 1,678.00 "," 1,678.00 ", UK Force Services Limited ,,,,,,,,,,,,,,,,,,,,,,,,
16-Feb-22,UK FORCE SERVICES LIMITED,UK FORCE SERVICES     PAY                FT , 60.00 , 10.00 , 50.00 , 50.00 , UK Force Services Limited ,,,,,,,,,,,,,,,,,,,,,,,,
16-Feb-22,UK FORCE SERVICES LIMITED,UK FORCE SERVICES     PAY                FT , 604.80 , 100.80 , 504.00 , 504.00 , UK Force Services Limited ,,,,,,,,,,,,,,,,,,,,,,,,
16-Feb-22,UK FORCE SERVICES LIMITED,UK FORCE SERVICES     PAY                FT , 300.00 , 50.00 , 250.00 , 250.00 , UK Force Services Limited ,,,,,,,,,,,,,,,,,,,,,,,,
22-Mar-22,UK FORCE SERVICES LIMITED,UK FORCE SERVICES     PAY                BBP," 1,492.85 ", 248.81 ," 1,244.04 "," 1,244.04 ", UK Force Services Limited ,,,,,,,,,,,,,,,,,,,,,,,,
25-Jul-22,UK FORCE SERVICES LIMITED,UK FORCE SERVICES     PAY FT," 7,000.00 "," 1,166.67 "," 5,833.33 "," 5,833.33 ", UK Force Services Limited ,,,,,,,,,,,,,,,,,,,,,,,,
29-Nov-22,UK FORCE SERVICES LIMITED,UK FORCE SERVICES     INVOICE BBP," 1,400.00 ", 233.33 ," 1,166.67 "," 1,166.67 ", UK Force Services Limited ,,,,,,,,,,,,,,,,,,,,,,,,
10-Jul-22,XTREME PROFESSIONAL CLEANING LTD,XTREME PROFESSIONA    AS INVOICED FT," 20,000.00 "," 3,333.33 "," 16,666.67 "," 16,666.67 ", Xtreme Professional Cleaning Ltd ,,,,,,,,,,,,,,,,,,,,,,,,
30-Aug-22,XTREME PROFESSIONAL CLEANING LTD,XTREME PROFESSIONA    AS INVOICED BBP," 4,900.00 ", 816.67 ," 4,083.33 "," 4,083.33 ", Xtreme Professional Cleaning Ltd ,,,,,,,,,,,,,,,,,,,,,,,,
21-Sep-22,XTREME PROFESSIONAL CLEANING LTD,XTREME PROFESSIONA    AS INVOICED FT," 5,000.00 ", 833.33 ," 4,166.67 "," 4,166.67 ", Xtreme Professional Cleaning Ltd ,,,,,,,,,,,,,,,,,,,,,,,,
13-Oct-22,XTREME PROFESSIONAL CLEANING LTD,XTREME PROFESSIONA    AS INVOICED FT," 22,000.00 "," 3,666.67 "," 18,333.33 "," 18,333.33 ", Xtreme Professional Cleaning Ltd ,,,,,,,,,,,,,,,,,,,,,,,,
14-Oct-22,XTREME PROFESSIONAL CLEANING LTD,XTREME PROFESSIONA    AS INVOICED FT," 6,000.00 "," 1,000.00 "," 5,000.00 "," 5,000.00 ", Xtreme Professional Cleaning Ltd ,,,,,,,,,,,,,,,,,,,,,,,,
20-Oct-22,XTREME PROFESSIONAL CLEANING LTD,XTREME PROFESSIONA    AS INVOICED FT," 2,000.00 ", 333.33 ," 1,666.67 "," 1,666.67 ", Xtreme Professional Cleaning Ltd ,,,,,,,,,,,,,,,,,,,,,,,,
24-Oct-22,XTREME PROFESSIONAL CLEANING LTD,XTREME PROFESSIONA    AS INVOICED BBP," 15,000.00 "," 2,500.00 "," 12,500.00 "," 12,500.00 ", Xtreme Professional Cleaning Ltd ,,,,,,,,,,,,,,,,,,,,,,,,
10-Nov-22,XTREME PROFESSIONAL CLEANING LTD,XTREME PROFESSIONA    AS INVOICED FT," 20,000.00 "," 3,333.33 "," 16,666.67 "," 16,666.67 ", Xtreme Professional Cleaning Ltd ,,,,,,,,,,,,,,,,,,,,,,,,
7-Feb-23,XTREME PROFESSIONAL CLEANING LTD,XTREME PROFESSIONA    AS INVOICED FT," 40,000.00 "," 6,666.67 "," 33,333.33 "," 33,333.33 ", Xtreme Professional Cleaning Ltd ,,,,,,,,,,,,,,,,,,,,,,,,
9-Feb-23,XTREME PROFESSIONAL CLEANING LTD,XTREME PROFESSIONA    AS INVOICED FT," 11,000.00 "," 1,833.33 "," 9,166.67 "," 9,166.67 ", Xtreme Professional Cleaning Ltd ,,,,,,,,,,,,,,,,,,,,,,,,
14-Feb-23,XTREME PROFESSIONAL CLEANING LTD,XTREME PROFESSIONA    AS INVOICED FT," 2,000.00 ", 333.33 ," 1,666.67 "," 1,666.67 ", Xtreme Professional Cleaning Ltd ,,,,,,,,,,,,,,,,,,,,,,,,
17-Feb-23,XTREME PROFESSIONAL CLEANING LTD,XTREME PROFESSIONA    AS INVOICED FT," 2,500.00 ", 416.67 ," 2,083.33 "," 2,083.33 ", Xtreme Professional Cleaning Ltd ,,,,,,,,,,,,,,,,,,,,,,,,
21-Feb-23,XTREME PROFESSIONAL CLEANING LTD,XTREME PROFESSIONA    AS INVOICED FT," 5,000.00 ", 833.33 ," 4,166.67 "," 4,166.67 ", Xtreme Professional Cleaning Ltd ,,,,,,,,,,,,,,,,,,,,,,,,
6-Mar-23,XTREME PROFESSIONAL CLEANING LTD,XTREME PROFESSIONA    AS INVOICED BBP," 4,000.00 ", 666.67 ," 3,333.33 "," 3,333.33 ", Xtreme Professional Cleaning Ltd ,,,,,,,,,,,,,,,,,,,,,,,,
10-Mar-23,XTREME PROFESSIONAL CLEANING LTD,XTREME PROFESSIONA    AS INVOICED BBP," 28,000.00 "," 4,666.67 "," 23,333.33 "," 23,333.33 ", Xtreme Professional Cleaning Ltd ,,,,,,,,,,,,,,,,,,,,,,,,
13-Mar-23,XTREME PROFESSIONAL CLEANING LTD,XTREME PROFESSIONA    AS INVOICED FT," 8,000.00 "," 1,333.33 "," 6,666.67 "," 6,666.67 ", Xtreme Professional Cleaning Ltd ,,,,,,,,,,,,,,,,,,,,,,,,
17-Mar-23,XTREME PROFESSIONAL CLEANING LTD,XTREME PROFESSIONA    AS INVOICED BBP," 4,500.00 ", 750.00 ," 3,750.00 "," 3,750.00 ", Xtreme Professional Cleaning Ltd ,,,,,,,,,,,,,,,,,,,,,,,,
22-Mar-23,XTREME PROFESSIONAL CLEANING LTD,XTREME PROFESSIONA    AS INVOICED FT," 4,000.00 ", 666.67 ," 3,333.33 "," 3,333.33 ", Xtreme Professional Cleaning Ltd ,,,,,,,,,,,,,,,,,,,,,,,,
3-Apr-23,XTREME PROFESSIONAL CLEANING LTD,XTREME PROFESSIONA    AS INVOICED FT," 6,800.00 "," 1,133.33 "," 5,666.67 "," 5,666.67 ", Xtreme Professional Cleaning Ltd ,,,,,,,,,,,,,,,,,,,,,,,,
11-Apr-23,XTREME PROFESSIONAL CLEANING LTD,XTREME PROFESSIONA    AS INVOICED FT," 40,000.00 "," 6,666.67 "," 33,333.33 "," 33,333.33 ", Xtreme Professional Cleaning Ltd ,,,,,,,,,,,,,,,,,,,,,,,,
12-Apr-23,XTREME PROFESSIONAL CLEANING LTD,XTREME PROFESSIONA    AS INVOICED FT," 6,000.00 "," 1,000.00 "," 5,000.00 "," 5,000.00 ", Xtreme Professional Cleaning Ltd ,,,,,,,,,,,,,,,,,,,,,,,,
17-Apr-23,XTREME PROFESSIONAL CLEANING LTD,XTREME PROFESSIONA    AS INVOICED FT," 8,000.00 "," 1,333.33 "," 6,666.67 "," 6,666.67 ", Xtreme Professional Cleaning Ltd ,,,,,,,,,,,,,,,,,,,,,,,,
11-May-22,ZAIN SECURITY SERVICES LTD,ZAIN SECURITY SERV    INVOICE NO 112 BBP," 2,858.00 ", 476.33 ," 2,381.67 "," 2,381.67 ",#N/A,,,,,,,,,,,,,,,,,,,,,,,,
12-May-22,ZAIN SECURITY SERVICES LTD,ZAIN SECURITY SERV    INVOICE NO 113 FT," 7,580.85 "," 1,263.48 "," 6,317.38 "," 6,317.38 ",#N/A,,,,,,,,,,,,,,,,,,,,,,,,
,,,,,,,,,,,,,,,,,,,,,,,,,,,,,,,
,,,,,,,,,,,,,,,,,,,,,,,,,,,,,,,
,,,,,,,,,,,,,,,,,,,,,,,,,,,,,,,