Date, Name , Memo , Barclays 53895114 ,,,,,,,,,,,,,,,,,,,,,,,
22-Mar-22,A2Z SECURITY SERVICES LTD,A2Z SECURITY LIMIT    INVOICE            BBP, 771.50 ,,,,,,,,,,,,,,,,,,,,,,,
24-Mar-22,A2Z SECURITY SERVICES LTD,A2Z SECURITY LIMIT    INVOICE            BBP, 771.50 ,,,,,,,,,,,,,,,,,,,,,,,
24-Oct-22,AA GUARDS LIMITED,AAGUARD LTD           AS INVOICED BBP," 5,380.20 ",,,,,,,,,,,,,,,,,,,,,,,
23-Nov-22,AA GUARDS LIMITED,AAGUARD LTD           AS INVOICED BBP," 6,503.04 ",,,,,,,,,,,,,,,,,,,,,,,
28-Dec-22,AA GUARDS LIMITED,AAGUARD LTD           AS INVOICED BBP," 4,896.11 ",,,,,,,,,,,,,,,,,,,,,,,
27-Jan-23,AA GUARDS LIMITED,AAGUARD LTD           AS INVOICED BBP," 4,892.46 ",,,,,,,,,,,,,,,,,,,,,,,
3-Mar-23,AA GUARDS LIMITED,AAGUARD LTD           AS INVOICED BBP," 5,114.09 ",,,,,,,,,,,,,,,,,,,,,,,
27-Mar-23,AA GUARDS LIMITED,AAGUARD LTD           AS INVOICED BBP," 3,258.86 ",,,,,,,,,,,,,,,,,,,,,,,
28-Apr-23,AA GUARDS LIMITED,AA GUARD LTD           AS INVOICED BBP," 5,319.60 ",,,,,,,,,,,,,,,,,,,,,,,
23-Sep-21,AAAS SECURITY,AAAS SECURITY COMP    INVOICE            BBP," 5,000.00 ",,,,,,,,,,,,,,,,,,,,,,,
27-Sep-21,AAAS SECURITY,AAAS SECURITY COMP    INVOICE            FT ," 7,186.00 ",,,,,,,,,,,,,,,,,,,,,,,
19-Oct-21,AAAS SECURITY,AAAS SECURITY COMP    INVOICE            FT ," 7,186.00 ",,,,,,,,,,,,,,,,,,,,,,,
20-Oct-21,AAAS SECURITY,AAAS SECURITY COMP    INVOICE            FT ," 8,856.00 ",,,,,,,,,,,,,,,,,,,,,,,
22-Mar-22,ABEESO SECURITY AND CLEANING SERVICES LTD,ABEESO SECURITY SE    INVOICE            BBP," 3,500.00 ",,,,,,,,,,,,,,,,,,,,,,,
24-Mar-22,ABEESO SECURITY AND CLEANING SERVICES LTD,ABEESO SECURITY SE    INVOICE289         BBP," 9,800.54 ",,,,,,,,,,,,,,,,,,,,,,,
28-Mar-22,ABEESO SECURITY AND CLEANING SERVICES LTD,ABEESO SECURITY SE    INVOICE290         FT ," 8,319.16 ",,,,,,,,,,,,,,,,,,,,,,,
31-Mar-22,ABEESO SECURITY AND CLEANING SERVICES LTD,ABEESO SECURITY SE    INVOICE291         BBP," 12,550.90 ",,,,,,,,,,,,,,,,,,,,,,,
4-Apr-22,ABEESO SECURITY AND CLEANING SERVICES LTD,ABEESO SECURITY SE    INVOICE 295        BBP," 11,349.00 ",,,,,,,,,,,,,,,,,,,,,,,
19-Apr-22,ABEESO SECURITY AND CLEANING SERVICES LTD,ABEESO SECURITY SE    INVOICE 325        BBP," 5,255.20 ",,,,,,,,,,,,,,,,,,,,,,,
10-Mar-22,ALLIANCE FACILITIES MANAGEMENT LIMITED,ALLIANCE FACILITY     AS INVOICED BBP," 10,361.00 ",,,,,,,,,,,,,,,,,,,,,,,
19-Apr-22,ALLIANCE FACILITIES MANAGEMENT LIMITED,ALLIANCE FACILITY     AS INVOICED        BBP," 2,907.00 ",,,,,,,,,,,,,,,,,,,,,,,
15-Jul-22,ALLIANCE FACILITIES MANAGEMENT LIMITED,ALLIANCE FACILITY     AS INVOICED FT," 12,712.39 ",,,,,,,,,,,,,,,,,,,,,,,
22-Aug-22,ALLIANCE FACILITIES MANAGEMENT LIMITED,ALLIANCE FACILITY     AS INVOICED BBP," 20,670.00 ",,,,,,,,,,,,,,,,,,,,,,,
22-Nov-22,ALLIANCE FACILITIES MANAGEMENT LIMITED,ALLIANCE FACILITY     AS INVOICED FT," 8,679.72 ",,,,,,,,,,,,,,,,,,,,,,,
23-Nov-22,ALLIANCE FACILITIES MANAGEMENT LIMITED,ALLIANCE FACILITY     AS INVOICED BBP," 2,176.68 ",,,,,,,,,,,,,,,,,,,,,,,
23-Nov-22,ALLIANCE FACILITIES MANAGEMENT LIMITED,ALLIANCE FACILITY     AS INVOICED BBP," 6,647.04 ",,,,,,,,,,,,,,,,,,,,,,,
28-Nov-22,ALLIANCE FACILITIES MANAGEMENT LIMITED,ALLIANCE FACILITY     AS INVOICED BBP," 6,000.00 ",,,,,,,,,,,,,,,,,,,,,,,
28-Dec-22,ALLIANCE FACILITIES MANAGEMENT LIMITED,ALLIANCE FACILITY     AS INVOICED BBP," 26,093.15 ",,,,,,,,,,,,,,,,,,,,,,,
25-Jan-23,ALLIANCE FACILITIES MANAGEMENT LIMITED,ALLIANCE FACILITY     AS INVOICED BBP," 25,000.00 ",,,,,,,,,,,,,,,,,,,,,,,
24-Feb-23,ALLIANCE FACILITIES MANAGEMENT LIMITED,ALLIANCE FACILITY     AS INVOICED BBP," 26,244.20 ",,,,,,,,,,,,,,,,,,,,,,,
1-Mar-23,ALLIANCE FACILITIES MANAGEMENT LIMITED,ALLIANCE FACILITY     AS INVOICED BBP, 551.00 ,,,,,,,,,,,,,,,,,,,,,,,
3-Mar-23,ALLIANCE FACILITIES MANAGEMENT LIMITED,ALLIANCE FACILITY     AS INVOICED BBP," 17,542.64 ",,,,,,,,,,,,,,,,,,,,,,,
22-Mar-23,ALLIANCE FACILITIES MANAGEMENT LIMITED,ALLIANCE FACILITY     AS INVOICED FT," 17,542.00 ",,,,,,,,,,,,,,,,,,,,,,,
27-Mar-23,ALLIANCE FACILITIES MANAGEMENT LIMITED,ALLIANCE FACILITY     AS INVOICED BBP," 20,478.61 ",,,,,,,,,,,,,,,,,,,,,,,
28-Apr-23,ALLIANCE FACILITIES MANAGEMENT LIMITED,ALLIANCE FACILITY     AS INVOICED BBP," 29,433.95 ",,,,,,,,,,,,,,,,,,,,,,,
25-Jan-23,CAPITAL PROTECTIONS LTD,CAPITAL PROTECTION    PAYMENT BBP, 811.70 ,,,,,,,,,,,,,,,,,,,,,,,
27-Feb-23,CAPITAL PROTECTIONS LTD,CAPITAL PROTECTION    PAYMENT BBP," 3,915.00 ",,,,,,,,,,,,,,,,,,,,,,,
27-Mar-23,CAPITAL PROTECTIONS LTD,CAPITAL PROTECTION    PAYMENT BBP, 108.00 ,,,,,,,,,,,,,,,,,,,,,,,
28-Apr-23,CAPITAL PROTECTIONS LTD,CAPITAL PROTECTION    PAYMENT BBP," 1,622.82 ",,,,,,,,,,,,,,,,,,,,,,,
28-Nov-22,COMPLIANCE SECURITY SERVICES LTD,COMPLIANCE SECURIT    AS INVOICED BBP," 29,409.60 ",,,,,,,,,,,,,,,,,,,,,,,
27-Jan-23,COMPLIANCE SECURITY SERVICES LTD,COMPLIANCE SECURIT    AS INVOICED BBP," 14,000.00 ",,,,,,,,,,,,,,,,,,,,,,,
27-Jan-23,COMPLIANCE SECURITY SERVICES LTD,COMPLIANCE SECURIT    AS INVOICED BBP," 8,469.57 ",,,,,,,,,,,,,,,,,,,,,,,
1-Mar-23,COMPLIANCE SECURITY SERVICES LTD,COMPLIANCE SECURIT    AS INVOICED BBP," 24,774.44 ",,,,,,,,,,,,,,,,,,,,,,,
4-Aug-21,DELTA FORCE GROUP LTD,DELTA FACILITIES M    INVOICE            FT ," 8,520.80 ",,,,,,,,,,,,,,,,,,,,,,,
4-Aug-21,DELTA FORCE GROUP LTD,DELTA FACILITIES M    INVOICE            BBP," 2,450.50 ",,,,,,,,,,,,,,,,,,,,,,,
11-Aug-21,DELTA FORCE GROUP LTD,DELTA FACILITIES M    INVOICE            FT ," 12,500.00 ",,,,,,,,,,,,,,,,,,,,,,,
25-May-22,DELTA FORCE GROUP LTD,DELTA FORCE GROUP     AS INVOICED BBP," 4,560.00 ",,,,,,,,,,,,,,,,,,,,,,,
31-May-22,DELTA FORCE GROUP LTD,DELTA FORCE GROUP     AS INVOICED BBP," 8,550.00 ",,,,,,,,,,,,,,,,,,,,,,,
7-Jun-22,DELTA FORCE GROUP LTD,DELTA FORCE GROUP     AS INVOICED FT," 20,000.00 ",,,,,,,,,,,,,,,,,,,,,,,
13-Oct-22,DELTA FORCE GROUP LTD,DELTA FORCE GROUP     AS INVOICED FT," 12,798.00 ",,,,,,,,,,,,,,,,,,,,,,,
17-Oct-22,DELTA FORCE GROUP LTD,DELTA FORCE GROUP     AS INVOICED FT," 12,798.00 ",,,,,,,,,,,,,,,,,,,,,,,
17-Oct-22,DELTA FORCE GROUP LTD,DELTA FORCE GROUP     AS INVOICED FT," 17,550.96 ",,,,,,,,,,,,,,,,,,,,,,,
25-Jan-23,DELTA FORCE GROUP LTD,DELTA FORCE GROUP     AS INVOICED BBP," 11,114.40 ",,,,,,,,,,,,,,,,,,,,,,,
27-Jan-23,DPM SECURITY MANAGEMENT LTD,DPM SECURITY MANAG    AS PER INVIOCE BBP," 7,500.00 ",,,,,,,,,,,,,,,,,,,,,,,
27-Jan-23,DPM SECURITY MANAGEMENT LTD,DPM SECURITY MANAG    AS PER INVIOCE BBP," 12,000.00 ",,,,,,,,,,,,,,,,,,,,,,,
1-Mar-23,DPM SECURITY MANAGEMENT LTD,DPM SECURITY MANAG    AS PER INVIOCE BBP," 4,500.00 ",,,,,,,,,,,,,,,,,,,,,,,
12-Sep-22,FIRST ALLIED FACILITIES LTD,FIRST ALLIED FACIL    AS INVOICED FT," 2,592.00 ",,,,,,,,,,,,,,,,,,,,,,,
28-Sep-22,FIRST ALLIED FACILITIES LTD,FIRST ALLIED FACIL    AS INVOICED BBP," 2,664.00 ",,,,,,,,,,,,,,,,,,,,,,,
26-Oct-22,FIRST ALLIED FACILITIES LTD,FIRST ALLIED FACIL    AS INVOICED BBP," 2,691.00 ",,,,,,,,,,,,,,,,,,,,,,,
31-Oct-22,FIRST ALLIED FACILITIES LTD,FIRST ALLIED FACIL    AS INVOICED BBP, 99.00 ,,,,,,,,,,,,,,,,,,,,,,,
23-Nov-22,FIRST ALLIED FACILITIES LTD,FIRST ALLIED FACIL    AS INVOICED BBP," 2,945.00 ",,,,,,,,,,,,,,,,,,,,,,,
28-Dec-22,FIRST ALLIED FACILITIES LTD,FIRST ALLIED FACIL    AS INVOICED BBP," 2,945.00 ",,,,,,,,,,,,,,,,,,,,,,,
25-Jan-23,FIRST ALLIED FACILITIES LTD,FIRST ALLIED FACIL    AS INVOICED BBP," 2,762.50 ",,,,,,,,,,,,,,,,,,,,,,,
24-Feb-23,FIRST ALLIED FACILITIES LTD,FIRST ALLIED FACIL    AS INVOICED BBP," 3,260.50 ",,,,,,,,,,,,,,,,,,,,,,,
27-Mar-23,FIRST ALLIED FACILITIES LTD,FIRST ALLIED FACIL    AS INVOICED BBP," 2,470.00 ",,,,,,,,,,,,,,,,,,,,,,,
26-Apr-23,FIRST ALLIED FACILITIES LTD,FIRST ALLIED FACIL    AS INVOICED BBP," 2,945.00 ",,,,,,,,,,,,,,,,,,,,,,,
28-Dec-22,FIRST CHOICE FM LTD,FIRST CHOICE FM LT    AS INVOICED BBP," 2,364.00 ",,,,,,,,,,,,,,,,,,,,,,,
6-Feb-23,FIRST CHOICE FM LTD,FIRST CHOICE FM LT    AS PER INVOICE BBP," 6,476.64 ",,,,,,,,,,,,,,,,,,,,,,,
24-Feb-23,FIRST CHOICE FM LTD,FIRST CHOICE FM LT    AS PER INVOICE BBP, 472.77 ,,,,,,,,,,,,,,,,,,,,,,,
27-Feb-23,FIRST CHOICE FM LTD,FIRST CHOICE FM LT    AS INVOICED BBP," 4,802.40 ",,,,,,,,,,,,,,,,,,,,,,,
27-Mar-23,FIRST CHOICE FM LTD,FIRST CHOICE FM LT    AS INVOICED BBP," 3,528.78 ",,,,,,,,,,,,,,,,,,,,,,,
26-Apr-23,FIRST CHOICE FM LTD,FIRST CHOICE FM LT    AS INVOICED BBP," 2,461.70 ",,,,,,,,,,,,,,,,,,,,,,,
10-Jun-21,FIRST4FREELANCERS LIMITED,FIRST4FREELANCERS     7759               BBP," 3,286.04 ",,,,,,,,,,,,,,,,,,,,,,,
11-Jun-21,FIRST4FREELANCERS LIMITED,FIRST4FREELANCERS     GUARDIANFM         BBP," 30,000.00 ",,,,,,,,,,,,,,,,,,,,,,,
28-Jun-21,FIRST4FREELANCERS LIMITED,FIRST4FREELANCERS     GUARDIANFM         FT ," 20,000.00 ",,,,,,,,,,,,,,,,,,,,,,,
9-Jul-21,FIRST4FREELANCERS LIMITED,FIRST4FREELANCERS     GUARDIANFM         BBP," 50,000.00 ",,,,,,,,,,,,,,,,,,,,,,,
13-Jul-21,FIRST4FREELANCERS LIMITED,FIRST4FREELANCERS     GUARDIANFM         FT ," 15,804.74 ",,,,,,,,,,,,,,,,,,,,,,,
10-Aug-21,FIRST4FREELANCERS LIMITED,FIRST4FREELANCERS     GUARDIANFM         FT ," 15,000.00 ",,,,,,,,,,,,,,,,,,,,,,,
11-Aug-21,FIRST4FREELANCERS LIMITED,FIRST4FREELANCERS     GUARDIANFM         FT ," 10,000.00 ",,,,,,,,,,,,,,,,,,,,,,,
17-Aug-21,FIRST4FREELANCERS LIMITED,FIRST4FREELANCERS     GUARDIANFM         FT ," 20,000.00 ",,,,,,,,,,,,,,,,,,,,,,,
23-Aug-21,FIRST4FREELANCERS LIMITED,FIRST4FREELANCERS     7759               FT ," 10,000.00 ",,,,,,,,,,,,,,,,,,,,,,,
1-Sep-21,FIRST4FREELANCERS LIMITED,FIRST4FREELANCERS     GUARDIANFM         FT ," 8,534.13 ",,,,,,,,,,,,,,,,,,,,,,,
2-Sep-21,FIRST4FREELANCERS LIMITED,FIRST4FREELANCERS     GUARDIANFM         FT ," 20,000.00 ",,,,,,,,,,,,,,,,,,,,,,,
10-Sep-21,FIRST4FREELANCERS LIMITED,FIRST4FREELANCERS     GUARDIANFM         BBP," 12,000.00 ",,,,,,,,,,,,,,,,,,,,,,,
13-Sep-21,FIRST4FREELANCERS LIMITED,FIRST4FREELANCERS     GUARDIANFM         BBP," 50,000.00 ",,,,,,,,,,,,,,,,,,,,,,,
15-Sep-21,FIRST4FREELANCERS LIMITED,FIRST4FREELANCERS     GUARDIANFM         FT ," 22,000.00 ",,,,,,,,,,,,,,,,,,,,,,,
6-Oct-21,FIRST4FREELANCERS LIMITED,FIRST4FREELANCERS     GUARDIANFM         FT ," 40,000.00 ",,,,,,,,,,,,,,,,,,,,,,,
11-Oct-21,FIRST4FREELANCERS LIMITED,FIRST4FREELANCERS     GUARDIANFM         FT ," 25,000.00 ",,,,,,,,,,,,,,,,,,,,,,,
11-Oct-21,FIRST4FREELANCERS LIMITED,FIRST4FREELANCERS     GUARDIANFM         FT ," 25,000.00 ",,,,,,,,,,,,,,,,,,,,,,,
9-Nov-21,FIRST4FREELANCERS LIMITED,FIRST4FREELANCERS     GUARDIANFM         BBP," 50,000.00 ",,,,,,,,,,,,,,,,,,,,,,,
10-Nov-21,FIRST4FREELANCERS LIMITED,FIRST4FREELANCERS     GUARDIANFM         BBP," 45,662.21 ",,,,,,,,,,,,,,,,,,,,,,,
1-Dec-21,FIRST4FREELANCERS LIMITED,FIRST4FREELANCERS     GUARDIANFM         BBP," 40,000.00 ",,,,,,,,,,,,,,,,,,,,,,,
2-Dec-21,FIRST4FREELANCERS LIMITED,FIRST4FREELANCERS     GUARDIANFM         BBP," 50,000.00 ",,,,,,,,,,,,,,,,,,,,,,,
9-Dec-21,FIRST4FREELANCERS LIMITED,FIRST4FREELANCERS     GUARDIANFM         FT ," 45,000.00 ",,,,,,,,,,,,,,,,,,,,,,,
5-Jan-22,FIRST4FREELANCERS LIMITED,FIRST4FREELANCERS     GUARDIANFM         FT ," 50,000.00 ",,,,,,,,,,,,,,,,,,,,,,,
7-Jan-22,FIRST4FREELANCERS LIMITED,FIRST4FREELANCERS     GUARDIANFM         FT ," 50,000.00 ",,,,,,,,,,,,,,,,,,,,,,,
8-Feb-22,FIRST4FREELANCERS LIMITED,FIRST4FREELANCERS     GUARDIANFM         BBP," 36,004.10 ",,,,,,,,,,,,,,,,,,,,,,,
10-Mar-22,FIRST4FREELANCERS LIMITED,FIRST4FREELANCERS     GUARDIANFM         FT ," 25,000.00 ",,,,,,,,,,,,,,,,,,,,,,,
10-Mar-22,FIRST4FREELANCERS LIMITED,FIRST4FREELANCERS     GUARDIANFM         BBP," 50,000.00 ",,,,,,,,,,,,,,,,,,,,,,,
11-Mar-22,FIRST4FREELANCERS LIMITED,FIRST4FREELANCERS     GUARDIANFM         BBP," 25,000.00 ",,,,,,,,,,,,,,,,,,,,,,,
7-Apr-22,FIRST4FREELANCERS LIMITED,FIRST4FREELANCERS     GUARDIANFM         BBP," 50,000.00 ",,,,,,,,,,,,,,,,,,,,,,,
8-Apr-22,FIRST4FREELANCERS LIMITED,FIRST4FREELANCERS     GUARDIANFM         BBP," 50,000.00 ",,,,,,,,,,,,,,,,,,,,,,,
10-May-22,FIRST4FREELANCERS LIMITED,FIRST4FREELANCERS     GUARDIANFM BBP," 25,000.00 ",,,,,,,,,,,,,,,,,,,,,,,
11-May-22,FIRST4FREELANCERS LIMITED,FIRST4FREELANCERS     GUARDIANFM BBP," 40,000.00 ",,,,,,,,,,,,,,,,,,,,,,,
10-Jun-22,FIRST4FREELANCERS LIMITED,FIRST4FREELANCERS     7759 BBP," 50,000.00 ",,,,,,,,,,,,,,,,,,,,,,,
6-Jul-22,FIRST4FREELANCERS LIMITED,FIRST4FREELANCERS     7759 BBP," 50,000.00 ",,,,,,,,,,,,,,,,,,,,,,,
8-Aug-22,FIRST4FREELANCERS LIMITED,FIRST4FREELANCERS     GUARDIANFM FT," 50,000.00 ",,,,,,,,,,,,,,,,,,,,,,,
8-Sep-22,FIRST4FREELANCERS LIMITED,FIRST4FREELANCERS     GUARDIANFM BBP," 50,000.00 ",,,,,,,,,,,,,,,,,,,,,,,
11-Nov-22,FIRST4FREELANCERS LIMITED,FIRST4FREELANCERS     GUARDIANFM BBP," 11,000.00 ",,,,,,,,,,,,,,,,,,,,,,,
11-Nov-22,FIRST4FREELANCERS LIMITED,FIRST4FREELANCERS     GUARDIANFM FT," 50,000.00 ",,,,,,,,,,,,,,,,,,,,,,,
16-Jan-23,FIRST4FREELANCERS LIMITED,FIRST4FREELANCERS     GUARDIANFM FT," 25,000.00 ",,,,,,,,,,,,,,,,,,,,,,,
21-Feb-23,FIRST4FREELANCERS LIMITED,FIRST4FREELANCERS     GUARDIANFM BBP," 31,137.07 ",,,,,,,,,,,,,,,,,,,,,,,
3-Apr-23,FIRST4FREELANCERS LIMITED,FIRST4FREELANCERS     GUARDIANFM FT," 25,000.00 ",,,,,,,,,,,,,,,,,,,,,,,
25-Apr-23,FIRST4FREELANCERS LIMITED,FIRST4FREELANCERS     GUARDIANFM FT," 8,410.16 ",,,,,,,,,,,,,,,,,,,,,,,
10-Mar-22,IMPAX SECURITY SERVICES LTD,IMPAX SECURITY SER    AS INVOICED BBP," 4,500.00 ",,,,,,,,,,,,,,,,,,,,,,,
24-Oct-22,IMPAX SECURITY SERVICES LTD,IMPAX SECURITY SER    AS INVOICED BBP," 16,575.31 ",,,,,,,,,,,,,,,,,,,,,,,
23-Nov-22,IMPAX SECURITY SERVICES LTD,IMPAX SECURITY SER    AS INVOICED BBP," 6,229.02 ",,,,,,,,,,,,,,,,,,,,,,,
25-Jan-23,IMPAX SECURITY SERVICES LTD,IMPAX SECURITY SER    AS INVOICED BBP," 4,389.25 ",,,,,,,,,,,,,,,,,,,,,,,
1-Mar-23,IMPAX SECURITY SERVICES LTD,IMPAX SECURITY SER    AS INVOICED BBP," 6,930.00 ",,,,,,,,,,,,,,,,,,,,,,,
3-Mar-23,IMPAX SECURITY SERVICES LTD,IMPAX SECURITY SER    AS INVOICED BBP," 1,195.80 ",,,,,,,,,,,,,,,,,,,,,,,
28-Dec-22,MA FACILITIES LIMITED,MA FACILITIES LIMI    AS INVOICED BBP," 1,858.00 ",,,,,,,,,,,,,,,,,,,,,,,
1-Mar-23,MA FACILITIES LIMITED,MA FACILITIES LIMI    AS INVOICED BBP," 5,471.00 ",,,,,,,,,,,,,,,,,,,,,,,
27-Jan-23,Man Guard Security Services Ltd,MANGUARD LTD          AS PER INVOICE FT," 1,140.00 ",,,,,,,,,,,,,,,,,,,,,,,
27-Mar-23,Man Guard Security Services Ltd,MANGUARD LTD          AS PER INVOICE BBP, 588.00 ,,,,,,,,,,,,,,,,,,,,,,,
28-Apr-23,MOXIE SECURITY LTD,MOXIE SECURITY LTD    INVOICED FT," 5,909.39 ",,,,,,,,,,,,,,,,,,,,,,,
10-Mar-22,MUGHAL MULTIPLE SERVICES LTD,MUGHAL MULTIPLE SE    INVOICE BBP," 1,506.00 ",,,,,,,,,,,,,,,,,,,,,,,
4-May-22,MUGHAL MULTIPLE SERVICES LTD,MUGHAL MULTIPLE SE    INVOICE BBP," 4,555.67 ",,,,,,,,,,,,,,,,,,,,,,,
5-May-22,MUGHAL MULTIPLE SERVICES LTD,MUGHAL MULTIPLE SE    INVOICE0025 BBP," 9,591.41 ",,,,,,,,,,,,,,,,,,,,,,,
20-Jul-22,MUGHAL MULTIPLE SERVICES LTD,MUGHAL MULTIPLE SE    INVOICE BBP," 18,394.00 ",,,,,,,,,,,,,,,,,,,,,,,
23-Nov-22,MUGHAL MULTIPLE SERVICES LTD,MUGHAL MULTIPLE SE    INVOICE BBP," 2,976.70 ",,,,,,,,,,,,,,,,,,,,,,,
25-Jan-23,MUGHAL MULTIPLE SERVICES LTD,MUGHAL MULTIPLE SE    AS INVOICED BBP," 2,500.00 ",,,,,,,,,,,,,,,,,,,,,,,
30-Jan-23,MUGHAL MULTIPLE SERVICES LTD,MUGHAL MULTIPLE SE    AS INVOICED BBP," 8,500.00 ",,,,,,,,,,,,,,,,,,,,,,,
6-Mar-23,MUGHAL MULTIPLE SERVICES LTD,MUGHAL MULTIPLE SE    AS INVOICED FT," 2,500.00 ",,,,,,,,,,,,,,,,,,,,,,,
26-Apr-23,MUGHAL MULTIPLE SERVICES LTD,MUGHAL MULTIPLE SE    AS INVOICED BBP," 5,000.00 ",,,,,,,,,,,,,,,,,,,,,,,
3-Feb-23,ORIGIN SECURITY LIMITED,ORIGINSECURITY LIM    AS PER INVOICE FT, 849.00 ,,,,,,,,,,,,,,,,,,,,,,,
6-Feb-23,ORIGIN SECURITY LIMITED,ORIGINSECURITY LIM    AS PER INVOICE FT," 4,900.00 ",,,,,,,,,,,,,,,,,,,,,,,
13-Feb-23,ORIGIN SECURITY LIMITED,ORIGINSECURITY LIM    AS PER INVOICE BBP," 15,000.00 ",,,,,,,,,,,,,,,,,,,,,,,
14-Feb-23,ORIGIN SECURITY LIMITED,ORIGINSECURITY LIM    AS PER INVOICE FT," 8,547.00 ",,,,,,,,,,,,,,,,,,,,,,,
10-Mar-23,ORIGIN SECURITY LIMITED,ORIGINSECURITY LIM    AS PER INVOICE BBP," 23,511.56 ",,,,,,,,,,,,,,,,,,,,,,,
11-Apr-23,ORIGIN SECURITY LIMITED,ORIGINSECURITY LIM    AS PER INVOICE BBP," 23,261.90 ",,,,,,,,,,,,,,,,,,,,,,,
11-Mar-22,PEACE UK SECURITY LTD,PEACE UK SECURITY     INVOICE            BBP," 2,550.00 ",,,,,,,,,,,,,,,,,,,,,,,
14-Mar-22,PEACE UK SECURITY LTD,PEACE UK SECURITY     INVOICE            BBP," 2,450.00 ",,,,,,,,,,,,,,,,,,,,,,,
19-Apr-22,PEACE UK SECURITY LTD,PEACE UK SECURITY     INVOICE            FT ," 4,799.00 ",,,,,,,,,,,,,,,,,,,,,,,
20-Jul-22,PEACE UK SECURITY LTD,PEACE UK SECURITY     INVOICE BBP," 3,560.00 ",,,,,,,,,,,,,,,,,,,,,,,
26-Aug-22,PEACE UK SECURITY LTD,PEACE UK SECURITY     INVOICE FT," 4,206.00 ",,,,,,,,,,,,,,,,,,,,,,,
23-Sep-22,PEACE UK SECURITY LTD,PEACE UK SECURITY     INVOICE BBP," 13,536.93 ",,,,,,,,,,,,,,,,,,,,,,,
26-Sep-22,PEACE UK SECURITY LTD,PEACE UK SECURITY     INVOICE FT," 13,536.93 ",,,,,,,,,,,,,,,,,,,,,,,
24-Oct-22,PEACE UK SECURITY LTD,PEACE UK SECURITY     INVOICE BBP," 7,676.57 ",,,,,,,,,,,,,,,,,,,,,,,
24-Nov-22,PEACE UK SECURITY LTD,PEACE UK SECURITY     INVOICE BBP," 12,391.40 ",,,,,,,,,,,,,,,,,,,,,,,
28-Dec-22,PEACE UK SECURITY LTD,PEACE UK SECURITY     INVOICE BBP," 9,419.17 ",,,,,,,,,,,,,,,,,,,,,,,
25-Jan-23,PEACE UK SECURITY LTD,PEACE UK SECURITY     INVOICE BBP," 18,375.00 ",,,,,,,,,,,,,,,,,,,,,,,
27-Jan-23,PEACE UK SECURITY LTD,PEACE UK SECURITY     INVOICE BBP," 1,545.00 ",,,,,,,,,,,,,,,,,,,,,,,
24-Feb-23,PEACE UK SECURITY LTD,PEACE UK SECURITY     INVOICE BBP," 14,126.96 ",,,,,,,,,,,,,,,,,,,,,,,
27-Mar-23,PEACE UK SECURITY LTD,PEACE UK SECURITY     INVOICE BBP," 9,540.11 ",,,,,,,,,,,,,,,,,,,,,,,
26-Apr-23,PEACE UK SECURITY LTD,PEACE UK SECURITY     INVOICE BBP," 3,566.90 ",,,,,,,,,,,,,,,,,,,,,,,
23-Nov-21,PPE SECURITY LTD,ADVANTEDGE COMMERC    14455              BBP," 9,442.06 ",,,,,,,,,,,,,,,,,,,,,,,
23-Nov-21,PPE SECURITY LTD,ADVANTEDGE COMMERC    14435              BBP," 6,448.50 ",,,,,,,,,,,,,,,,,,,,,,,
16-Dec-21,PPE SECURITY LTD,ADVANTEDGE COMMERC    14632              BBP," 17,123.22 ",,,,,,,,,,,,,,,,,,,,,,,
10-Mar-22,PPE SECURITY LTD,ADVANTEDGE COMMERC    14435/PPE BBP," 11,692.80 ",,,,,,,,,,,,,,,,,,,,,,,
12-May-22,PPE SECURITY LTD,ADVANTEDGE COMMERC    15017 BBP," 5,997.60 ",,,,,,,,,,,,,,,,,,,,,,,
20-May-22,PPE SECURITY LTD,ADVANTEDGE COMMERC    15039 BBP," 2,822.40 ",,,,,,,,,,,,,,,,,,,,,,,
15-Jul-22,PPE SECURITY LTD,ADVANTEDGE COMMERC    15225 BBP," 14,112.00 ",,,,,,,,,,,,,,,,,,,,,,,
22-Aug-22,PPE SECURITY LTD,ADVANTEDGE COMMERC    GUAR001 BBP," 23,385.60 ",,,,,,,,,,,,,,,,,,,,,,,
30-Aug-22,PPE SECURITY LTD,ADVANTEDGE COMMERC    GUAR001 BBP," 9,275.60 ",,,,,,,,,,,,,,,,,,,,,,,
31-Oct-22,PPE SECURITY LTD,ADVANTEDGE COMMERC    14435/PPE BBP," 14,397.60 ",,,,,,,,,,,,,,,,,,,,,,,
23-Nov-22,PPE SECURITY LTD,ADVANTEDGE COMMERC    14435/PPE BBP," 11,306.40 ",,,,,,,,,,,,,,,,,,,,,,,
28-Dec-22,PPE SECURITY LTD,ADVANTEDGE COMMERC    14435 BBP," 11,289.60 ",,,,,,,,,,,,,,,,,,,,,,,
25-Jan-23,PPE SECURITY LTD,ADVANTEDGE COMMERC    14435/PPE BBP," 6,165.60 ",,,,,,,,,,,,,,,,,,,,,,,
27-Feb-23,PPE SECURITY LTD,ADVANTEDGE COMMERC    14435/PPE BBP," 15,086.15 ",,,,,,,,,,,,,,,,,,,,,,,
27-Mar-23,PPE SECURITY LTD,ADVANTEDGE COMMERC    14435/PPE BBP," 11,088.00 ",,,,,,,,,,,,,,,,,,,,,,,
26-Apr-23,PPE SECURITY LTD,ADVANTEDGE COMMERC    14435/PPE BBP," 11,272.80 ",,,,,,,,,,,,,,,,,,,,,,,
22-Mar-22,PREMIER RESOURCES LTD,PREMIER RESOURCES     INV REF/GFM        BBP," 2,520.00 ",,,,,,,,,,,,,,,,,,,,,,,
28-Mar-22,PREMIER RESOURCES LTD,PREMIER RESOURCES     INV REF/GFM        FT ," 2,394.00 ",,,,,,,,,,,,,,,,,,,,,,,
19-Apr-22,PREMIER RESOURCES LTD,PREMIER RESOURCES     INV REF/GFM        FT ," 2,637.00 ",,,,,,,,,,,,,,,,,,,,,,,
16-May-22,PROSEC SOLUTIONS LTD,PROSEC SOLUTIONS L    INVOICE 0252 BBP," 4,580.52 ",,,,,,,,,,,,,,,,,,,,,,,
17-May-22,PROSEC SOLUTIONS LTD,PROSEC SOLUTIONS L    INVOICE 0254 FT," 16,518.00 ",,,,,,,,,,,,,,,,,,,,,,,
18-Aug-22,PROSEC SOLUTIONS LTD,PROSEC SOLUTIONS L    INVOICE 0259 FT," 6,000.00 ",,,,,,,,,,,,,,,,,,,,,,,
21-Sep-22,PROSEC SOLUTIONS LTD,PROSEC SOLUTIONS L    INVOICE 0284 FT," 16,134.00 ",,,,,,,,,,,,,,,,,,,,,,,
26-Sep-22,PROSEC SOLUTIONS LTD,PROSEC SOLUTIONS L    INVOICE 0264 FT," 22,984.70 ",,,,,,,,,,,,,,,,,,,,,,,
26-Oct-22,PROSEC SOLUTIONS LTD,PROSEC SOLUTIONS L    AS INVOICED BBP," 25,302.00 ",,,,,,,,,,,,,,,,,,,,,,,
23-Nov-22,PROSEC SOLUTIONS LTD,PROSEC SOLUTIONS L    INVOICE 0252 BBP," 5,041.90 ",,,,,,,,,,,,,,,,,,,,,,,
28-Dec-22,PROSEC SOLUTIONS LTD,PROSEC SOLUTIONS L    AS INVOICED BBP," 4,837.37 ",,,,,,,,,,,,,,,,,,,,,,,
27-Jan-23,PROSEC SOLUTIONS LTD,PROSEC SOLUTIONS L    INVOICE 0257 BBP," 4,126.00 ",,,,,,,,,,,,,,,,,,,,,,,
10-Mar-23,PROSEC SOLUTIONS LTD,PROSEC SOLUTIONS L    AS INVOICED GRP, 960.00 ,,,,,,,,,,,,,,,,,,,,,,,
27-Mar-23,PROSEC SOLUTIONS LTD,PROSEC SOLUTIONS L    AS INVOICED BBP," 1,870.00 ",,,,,,,,,,,,,,,,,,,,,,,
12-May-22,RADLEIGH SECURITY & FM LIMITED,RADLEIGH SECURITY     AS INVOICED FT," 8,518.00 ",,,,,,,,,,,,,,,,,,,,,,,
28-Nov-22,RADLEIGH SECURITY & FM LIMITED,RADLEIGH SECURITY     AS INVOICED BBP," 4,500.00 ",,,,,,,,,,,,,,,,,,,,,,,
28-Dec-22,RADLEIGH SECURITY & FM LIMITED,RADLEIGH SECURITY     AS INVOICED BBP," 13,017.88 ",,,,,,,,,,,,,,,,,,,,,,,
25-Jan-23,RADLEIGH SECURITY & FM LIMITED,RADLEIGH SECURITY     AS INVOICED BBP," 7,500.00 ",,,,,,,,,,,,,,,,,,,,,,,
27-Feb-23,RADLEIGH SECURITY & FM LIMITED,RADLEIGH SECURITY     AS INVOICED BBP," 16,472.53 ",,,,,,,,,,,,,,,,,,,,,,,
1-Mar-23,RADLEIGH SECURITY & FM LIMITED,RADLEIGH SECURITY     AS INVOICED BBP," 17,618.45 ",,,,,,,,,,,,,,,,,,,,,,,
27-Mar-23,RADLEIGH SECURITY & FM LIMITED,RADLEIGH SECURITY     AS INVOICED BBP," 10,236.50 ",,,,,,,,,,,,,,,,,,,,,,,
28-Apr-23,RADLEIGH SECURITY & FM LIMITED,RADLEIGH SECURITY     AS INVOICED BBP," 21,635.10 ",,,,,,,,,,,,,,,,,,,,,,,
4-May-21,RED APPLE BRANDING AND MARKETING CONSULTANCY LTD,RED APPLE             INVOICE            FT ," 6,258.50 ",,,,,,,,,,,,,,,,,,,,,,,
17-May-21,RED APPLE BRANDING AND MARKETING CONSULTANCY LTD,RED APPLE BRANDING    PAYMENT            FT ," 20,508.80 ",,,,,,,,,,,,,,,,,,,,,,,
10-Jun-21,RED APPLE BRANDING AND MARKETING CONSULTANCY LTD,RED APPLE             INVOICE            BBP," 27,500.25 ",,,,,,,,,,,,,,,,,,,,,,,
30-Jun-21,RED APPLE BRANDING AND MARKETING CONSULTANCY LTD,RED APPLE             INVOICE            FT ," 34,580.80 ",,,,,,,,,,,,,,,,,,,,,,,
8-Jul-21,RED APPLE BRANDING AND MARKETING CONSULTANCY LTD,RED APPLE             INVOICE            BBP," 49,567.45 ",,,,,,,,,,,,,,,,,,,,,,,
12-Jul-21,RED APPLE BRANDING AND MARKETING CONSULTANCY LTD,RED APPLE             INVOICE            FT ," 9,658.80 ",,,,,,,,,,,,,,,,,,,,,,,
15-Jul-21,RED APPLE BRANDING AND MARKETING CONSULTANCY LTD,RED APPLE             INVOICE            FT ," 32,580.80 ",,,,,,,,,,,,,,,,,,,,,,,
20-Jul-21,RED APPLE BRANDING AND MARKETING CONSULTANCY LTD,RED APPLE             INVOICE            BBP," 35,565.00 ",,,,,,,,,,,,,,,,,,,,,,,
23-Jul-21,RED APPLE BRANDING AND MARKETING CONSULTANCY LTD,RED APPLE BRANDING    PAYMENT            FT ," 15,500.80 ",,,,,,,,,,,,,,,,,,,,,,,
26-Jul-21,RED APPLE BRANDING AND MARKETING CONSULTANCY LTD,RED APPLE BRANDING    PAYMENT            FT ," 15,080.58 ",,,,,,,,,,,,,,,,,,,,,,,
26-Jul-21,RED APPLE BRANDING AND MARKETING CONSULTANCY LTD,RED APPLE BRANDING    PAYMENT            FT ," 35,805.80 ",,,,,,,,,,,,,,,,,,,,,,,
4-Aug-21,RED APPLE BRANDING AND MARKETING CONSULTANCY LTD,RED APPLE BRANDING    PAYMENT            FT ," 29,508.65 ",,,,,,,,,,,,,,,,,,,,,,,
5-Aug-21,RED APPLE BRANDING AND MARKETING CONSULTANCY LTD,RED APPLE BRANDING    PAYMENT            FT ," 29,508.80 ",,,,,,,,,,,,,,,,,,,,,,,
9-Aug-21,RED APPLE BRANDING AND MARKETING CONSULTANCY LTD,RED APPLE BRANDING    PAYMENT            BBP," 30,545.50 ",,,,,,,,,,,,,,,,,,,,,,,
9-Aug-21,RED APPLE BRANDING AND MARKETING CONSULTANCY LTD,RED APPLE BRANDING    PAYMENT            BBP," 45,450.56 ",,,,,,,,,,,,,,,,,,,,,,,
10-Aug-21,RED APPLE BRANDING AND MARKETING CONSULTANCY LTD,RED APPLE BRANDING    PAYMENT            BBP," 25,467.56 ",,,,,,,,,,,,,,,,,,,,,,,
10-Aug-21,RED APPLE BRANDING AND MARKETING CONSULTANCY LTD,RED APPLE BRANDING    PAYMENT            BBP," 45,252.35 ",,,,,,,,,,,,,,,,,,,,,,,
10-Aug-21,RED APPLE BRANDING AND MARKETING CONSULTANCY LTD,RED APPLE BRANDING    PAYMENT            BBP," 25,520.35 ",,,,,,,,,,,,,,,,,,,,,,,
11-Aug-21,RED APPLE BRANDING AND MARKETING CONSULTANCY LTD,RED APPLE BRANDING    PAYMENT            BBP," 38,542.56 ",,,,,,,,,,,,,,,,,,,,,,,
11-Aug-21,RED APPLE BRANDING AND MARKETING CONSULTANCY LTD,RED APPLE BRANDING    PAYMENT            BBP," 35,452.56 ",,,,,,,,,,,,,,,,,,,,,,,
13-Aug-21,RED APPLE BRANDING AND MARKETING CONSULTANCY LTD,RED APPLE BRANDING    PAYMENT            BBP," 35,252.50 ",,,,,,,,,,,,,,,,,,,,,,,
17-Aug-21,RED APPLE BRANDING AND MARKETING CONSULTANCY LTD,RED APPLE BRANDING    PAYMENT            BBP," 16,000.00 ",,,,,,,,,,,,,,,,,,,,,,,
17-Aug-21,RED APPLE BRANDING AND MARKETING CONSULTANCY LTD,RED APPLE BRANDING    PAYMENT            BBP," 47,500.00 ",,,,,,,,,,,,,,,,,,,,,,,
20-Aug-21,RED APPLE BRANDING AND MARKETING CONSULTANCY LTD,RED APPLE BRANDING    PAYMENT            BBP," 45,450.56 ",,,,,,,,,,,,,,,,,,,,,,,
25-Aug-21,RED APPLE BRANDING AND MARKETING CONSULTANCY LTD,RED APPLE BRANDING    PAYMENT            FT ," 19,000.58 ",,,,,,,,,,,,,,,,,,,,,,,
26-Aug-21,RED APPLE BRANDING AND MARKETING CONSULTANCY LTD,RED APPLE BRANDING    PAYMENT            FT ," 25,808.50 ",,,,,,,,,,,,,,,,,,,,,,,
31-Aug-21,RED APPLE BRANDING AND MARKETING CONSULTANCY LTD,RED APPLE BRANDING    PAYMENT            BBP," 25,430.80 ",,,,,,,,,,,,,,,,,,,,,,,
31-Aug-21,RED APPLE BRANDING AND MARKETING CONSULTANCY LTD,RED APPLE BRANDING    PAYMENT            BBP," 49,550.50 ",,,,,,,,,,,,,,,,,,,,,,,
6-Sep-21,RED APPLE BRANDING AND MARKETING CONSULTANCY LTD,RED APPLE BRANDING    PAYMENT            BBP," 49,567.40 ",,,,,,,,,,,,,,,,,,,,,,,
7-Sep-21,RED APPLE BRANDING AND MARKETING CONSULTANCY LTD,RED APPLE BRANDING    PAYMENT            FT ," 15,000.00 ",,,,,,,,,,,,,,,,,,,,,,,
9-Sep-21,RED APPLE BRANDING AND MARKETING CONSULTANCY LTD,RED APPLE BRANDING    PAYMENT            BBP," 45,689.45 ",,,,,,,,,,,,,,,,,,,,,,,
9-Sep-21,RED APPLE BRANDING AND MARKETING CONSULTANCY LTD,RED APPLE BRANDING    PAYMENT            FT ," 48,956.80 ",,,,,,,,,,,,,,,,,,,,,,,
10-Sep-21,RED APPLE BRANDING AND MARKETING CONSULTANCY LTD,RED APPLE BRANDING    PAYMENT            BBP," 47,562.32 ",,,,,,,,,,,,,,,,,,,,,,,
13-Sep-21,RED APPLE BRANDING AND MARKETING CONSULTANCY LTD,RED APPLE BRANDING    PAYMENT            BBP," 43,520.60 ",,,,,,,,,,,,,,,,,,,,,,,
13-Sep-21,RED APPLE BRANDING AND MARKETING CONSULTANCY LTD,RED APPLE BRANDING    PAYMENT            BBP," 48,520.50 ",,,,,,,,,,,,,,,,,,,,,,,
14-Sep-21,RED APPLE BRANDING AND MARKETING CONSULTANCY LTD,RED APPLE BRANDING    PAYMENT            BBP," 49,856.32 ",,,,,,,,,,,,,,,,,,,,,,,
15-Sep-21,RED APPLE BRANDING AND MARKETING CONSULTANCY LTD,RED APPLE BRANDING    PAYMENT            BBP," 48,956.32 ",,,,,,,,,,,,,,,,,,,,,,,
16-Sep-21,RED APPLE BRANDING AND MARKETING CONSULTANCY LTD,RED APPLE BRANDING    PAYMENT            BBP," 49,580.52 ",,,,,,,,,,,,,,,,,,,,,,,
17-Sep-21,RED APPLE BRANDING AND MARKETING CONSULTANCY LTD,RED APPLE BRANDING    PAYMENT            BBP," 20,150.05 ",,,,,,,,,,,,,,,,,,,,,,,
17-Sep-21,RED APPLE BRANDING AND MARKETING CONSULTANCY LTD,RED APPLE BRANDING    PAYMENT            BBP," 49,230.52 ",,,,,,,,,,,,,,,,,,,,,,,
20-Sep-21,RED APPLE BRANDING AND MARKETING CONSULTANCY LTD,RED APPLE BRANDING    PAYMENT            BBP," 47,658.20 ",,,,,,,,,,,,,,,,,,,,,,,
22-Sep-21,RED APPLE BRANDING AND MARKETING CONSULTANCY LTD,RED APPLE BRANDING    PAYMENT            BBP," 49,520.32 ",,,,,,,,,,,,,,,,,,,,,,,
23-Sep-21,RED APPLE BRANDING AND MARKETING CONSULTANCY LTD,RED APPLE BRANDING    PAYMENT            BBP," 35,252.32 ",,,,,,,,,,,,,,,,,,,,,,,
28-Sep-21,RED APPLE BRANDING AND MARKETING CONSULTANCY LTD,RED APPLE BRANDING    PAYMENT            BBP," 48,950.20 ",,,,,,,,,,,,,,,,,,,,,,,
28-Sep-21,RED APPLE BRANDING AND MARKETING CONSULTANCY LTD,RED APPLE BRANDING    PAYMENT            BBP," 39,879.90 ",,,,,,,,,,,,,,,,,,,,,,,
5-Oct-21,RED APPLE BRANDING AND MARKETING CONSULTANCY LTD,RED APPLE BRANDING    PAYMENT            BBP," 49,523.52 ",,,,,,,,,,,,,,,,,,,,,,,
8-Oct-21,RED APPLE BRANDING AND MARKETING CONSULTANCY LTD,RED APPLE BRANDING    PAYMENT            FT ," 30,088.80 ",,,,,,,,,,,,,,,,,,,,,,,
8-Oct-21,RED APPLE BRANDING AND MARKETING CONSULTANCY LTD,RED APPLE BRANDING    PAYMENT            BBP," 49,850.25 ",,,,,,,,,,,,,,,,,,,,,,,
11-Oct-21,RED APPLE BRANDING AND MARKETING CONSULTANCY LTD,RED APPLE BRANDING    PAYMENT            BBP," 49,768.90 ",,,,,,,,,,,,,,,,,,,,,,,
11-Oct-21,RED APPLE BRANDING AND MARKETING CONSULTANCY LTD,RED APPLE BRANDING    PAYMENT            BBP," 49,456.78 ",,,,,,,,,,,,,,,,,,,,,,,
11-Oct-21,RED APPLE BRANDING AND MARKETING CONSULTANCY LTD,RED APPLE BRANDING    PAYMENT            BBP," 47,895.20 ",,,,,,,,,,,,,,,,,,,,,,,
11-Oct-21,RED APPLE BRANDING AND MARKETING CONSULTANCY LTD,RED APPLE BRANDING    PAYMENT            BBP," 33,520.50 ",,,,,,,,,,,,,,,,,,,,,,,
11-Oct-21,RED APPLE BRANDING AND MARKETING CONSULTANCY LTD,RED APPLE BRANDING    PAYMENT            BBP," 25,450.55 ",,,,,,,,,,,,,,,,,,,,,,,
12-Oct-21,RED APPLE BRANDING AND MARKETING CONSULTANCY LTD,RED APPLE BRANDING    PAYMENT            BBP," 48,560.98 ",,,,,,,,,,,,,,,,,,,,,,,
12-Oct-21,RED APPLE BRANDING AND MARKETING CONSULTANCY LTD,RED APPLE BRANDING    PAYMENT            BBP," 40,520.32 ",,,,,,,,,,,,,,,,,,,,,,,
13-Oct-21,RED APPLE BRANDING AND MARKETING CONSULTANCY LTD,RED APPLE BRANDING    PAYMENT            BBP," 49,582.31 ",,,,,,,,,,,,,,,,,,,,,,,
14-Oct-21,RED APPLE BRANDING AND MARKETING CONSULTANCY LTD,RED APPLE BRANDING    PAYMENT            BBP," 39,585.32 ",,,,,,,,,,,,,,,,,,,,,,,
15-Oct-21,RED APPLE BRANDING AND MARKETING CONSULTANCY LTD,RED APPLE BRANDING    PAYMENT            BBP," 38,952.32 ",,,,,,,,,,,,,,,,,,,,,,,
19-Oct-21,RED APPLE BRANDING AND MARKETING CONSULTANCY LTD,RED APPLE BRANDING    PAYMENT            BBP," 49,789.34 ",,,,,,,,,,,,,,,,,,,,,,,
21-Oct-21,RED APPLE BRANDING AND MARKETING CONSULTANCY LTD,RED APPLE BRANDING    PAYMENT            BBP," 49,852.32 ",,,,,,,,,,,,,,,,,,,,,,,
21-Oct-21,RED APPLE BRANDING AND MARKETING CONSULTANCY LTD,RED APPLE BRANDING    PAYMENT            BBP," 48,769.32 ",,,,,,,,,,,,,,,,,,,,,,,
29-Oct-21,RED APPLE BRANDING AND MARKETING CONSULTANCY LTD,RED APPLE BRANDING    PAYMENT            BBP," 35,789.67 ",,,,,,,,,,,,,,,,,,,,,,,
2-Nov-21,RED APPLE BRANDING AND MARKETING CONSULTANCY LTD,RED APPLE BRANDING    PAYMENT            BBP," 49,678.90 ",,,,,,,,,,,,,,,,,,,,,,,
5-Nov-21,RED APPLE BRANDING AND MARKETING CONSULTANCY LTD,RED APPLE BRANDING    PAYMENT            FT ," 20,858.80 ",,,,,,,,,,,,,,,,,,,,,,,
10-Nov-21,RED APPLE BRANDING AND MARKETING CONSULTANCY LTD,RED APPLE BRANDING    PAYMENT            BBP," 49,567.00 ",,,,,,,,,,,,,,,,,,,,,,,
12-Nov-21,RED APPLE BRANDING AND MARKETING CONSULTANCY LTD,RED APPLE BRANDING    PAYMENT            FT ," 24,580.00 ",,,,,,,,,,,,,,,,,,,,,,,
12-Nov-21,RED APPLE BRANDING AND MARKETING CONSULTANCY LTD,RED APPLE BRANDING    PAYMENT            FT ," 25,000.00 ",,,,,,,,,,,,,,,,,,,,,,,
16-Nov-21,RED APPLE BRANDING AND MARKETING CONSULTANCY LTD,RED APPLE BRANDING    PAYMENT            FT ," 25,000.00 ",,,,,,,,,,,,,,,,,,,,,,,
17-Nov-21,RED APPLE BRANDING AND MARKETING CONSULTANCY LTD,RED APPLE BRANDING    PAYMENT            FT ," 24,856.80 ",,,,,,,,,,,,,,,,,,,,,,,
18-Nov-21,RED APPLE BRANDING AND MARKETING CONSULTANCY LTD,RED APPLE BRANDING    PAYMENT            FT ," 6,580.78 ",,,,,,,,,,,,,,,,,,,,,,,
18-Nov-21,RED APPLE BRANDING AND MARKETING CONSULTANCY LTD,RED APPLE BRANDING    PAYMENT            BBP," 49,879.45 ",,,,,,,,,,,,,,,,,,,,,,,
19-Nov-21,RED APPLE BRANDING AND MARKETING CONSULTANCY LTD,RED APPLE BRANDING    PAYMENT            FT ," 25,080.90 ",,,,,,,,,,,,,,,,,,,,,,,
19-Nov-21,RED APPLE BRANDING AND MARKETING CONSULTANCY LTD,RED APPLE BRANDING    PAYMENT            FT ," 24,800.80 ",,,,,,,,,,,,,,,,,,,,,,,
22-Nov-21,RED APPLE BRANDING AND MARKETING CONSULTANCY LTD,RED APPLE BRANDING    PAYMENT            BBP," 40,789.90 ",,,,,,,,,,,,,,,,,,,,,,,
22-Nov-21,RED APPLE BRANDING AND MARKETING CONSULTANCY LTD,RED APPLE BRANDING    PAYMENT            BBP," 49,879.90 ",,,,,,,,,,,,,,,,,,,,,,,
23-Nov-21,RED APPLE BRANDING AND MARKETING CONSULTANCY LTD,RED APPLE BRANDING    PAYMENT            BBP," 15,000.00 ",,,,,,,,,,,,,,,,,,,,,,,
23-Nov-21,RED APPLE BRANDING AND MARKETING CONSULTANCY LTD,RED APPLE BRANDING    PAYMENT            BBP," 15,000.00 ",,,,,,,,,,,,,,,,,,,,,,,
24-Nov-21,RED APPLE BRANDING AND MARKETING CONSULTANCY LTD,RED APPLE BRANDING    PAYMENT            FT ," 20,000.00 ",,,,,,,,,,,,,,,,,,,,,,,
30-Nov-21,RED APPLE BRANDING AND MARKETING CONSULTANCY LTD,RED APPLE BRANDING    PAYMENT            BBP," 30,000.00 ",,,,,,,,,,,,,,,,,,,,,,,
1-Dec-21,RED APPLE BRANDING AND MARKETING CONSULTANCY LTD,RED APPLE BRANDING    PAYMENT            FT ," 10,000.00 ",,,,,,,,,,,,,,,,,,,,,,,
2-Dec-21,RED APPLE BRANDING AND MARKETING CONSULTANCY LTD,RED APPLE BRANDING    PAYMENT            BBP," 25,000.00 ",,,,,,,,,,,,,,,,,,,,,,,
10-Dec-21,RED APPLE BRANDING AND MARKETING CONSULTANCY LTD,RED APPLE BRANDING    PAYMENT            BBP," 30,450.56 ",,,,,,,,,,,,,,,,,,,,,,,
10-Dec-21,RED APPLE BRANDING AND MARKETING CONSULTANCY LTD,RED APPLE BRANDING    PAYMENT            FT ," 45,000.00 ",,,,,,,,,,,,,,,,,,,,,,,
13-Dec-21,RED APPLE BRANDING AND MARKETING CONSULTANCY LTD,RED APPLE BRANDING    PAYMENT            BBP," 49,820.30 ",,,,,,,,,,,,,,,,,,,,,,,
13-Dec-21,RED APPLE BRANDING AND MARKETING CONSULTANCY LTD,RED APPLE BRANDING    PAYMENT            BBP," 20,054.50 ",,,,,,,,,,,,,,,,,,,,,,,
13-Dec-21,RED APPLE BRANDING AND MARKETING CONSULTANCY LTD,RED APPLE BRANDING    PAYMENT            FT ," 49,580.80 ",,,,,,,,,,,,,,,,,,,,,,,
14-Dec-21,RED APPLE BRANDING AND MARKETING CONSULTANCY LTD,RED APPLE BRANDING    PAYMENT            BBP," 47,560.67 ",,,,,,,,,,,,,,,,,,,,,,,
14-Dec-21,RED APPLE BRANDING AND MARKETING CONSULTANCY LTD,RED APPLE BRANDING    PAYMENT            FT ," 49,560.80 ",,,,,,,,,,,,,,,,,,,,,,,
15-Dec-21,RED APPLE BRANDING AND MARKETING CONSULTANCY LTD,RED APPLE BRANDING    PAYMENT            BBP," 39,670.98 ",,,,,,,,,,,,,,,,,,,,,,,
16-Dec-21,RED APPLE BRANDING AND MARKETING CONSULTANCY LTD,RED APPLE BRANDING    PAYMENT            FT ," 48,560.78 ",,,,,,,,,,,,,,,,,,,,,,,
17-Dec-21,RED APPLE BRANDING AND MARKETING CONSULTANCY LTD,RED APPLE BRANDING    PAYMENT            FT ," 20,058.80 ",,,,,,,,,,,,,,,,,,,,,,,
22-Dec-21,RED APPLE BRANDING AND MARKETING CONSULTANCY LTD,RED APPLE BRANDING    PAYMENT            FT ," 25,000.00 ",,,,,,,,,,,,,,,,,,,,,,,
24-Dec-21,RED APPLE BRANDING AND MARKETING CONSULTANCY LTD,RED APPLE BRANDING    PAYMENT            BBP," 45,679.90 ",,,,,,,,,,,,,,,,,,,,,,,
4-Jan-22,RED APPLE BRANDING AND MARKETING CONSULTANCY LTD,RED APPLE BRANDING    PAYMENT            FT ," 15,258.80 ",,,,,,,,,,,,,,,,,,,,,,,
10-Jan-22,RED APPLE BRANDING AND MARKETING CONSULTANCY LTD,RED APPLE BRANDING    PAYMENT            FT ," 12,580.80 ",,,,,,,,,,,,,,,,,,,,,,,
10-Jan-22,RED APPLE BRANDING AND MARKETING CONSULTANCY LTD,RED APPLE BRANDING    PAYMENT            BBP," 49,585.25 ",,,,,,,,,,,,,,,,,,,,,,,
10-Jan-22,RED APPLE BRANDING AND MARKETING CONSULTANCY LTD,RED APPLE BRANDING    PAYMENT            BBP," 49,580.52 ",,,,,,,,,,,,,,,,,,,,,,,
10-Jan-22,RED APPLE BRANDING AND MARKETING CONSULTANCY LTD,RED APPLE BRANDING    PAYMENT            BBP," 48,632.20 ",,,,,,,,,,,,,,,,,,,,,,,
11-Jan-22,RED APPLE BRANDING AND MARKETING CONSULTANCY LTD,RED APPLE BRANDING    PAYMENT            BBP," 47,582.30 ",,,,,,,,,,,,,,,,,,,,,,,
12-Jan-22,RED APPLE BRANDING AND MARKETING CONSULTANCY LTD,RED APPLE BRANDING    PAYMENT            BBP," 45,625.30 ",,,,,,,,,,,,,,,,,,,,,,,
17-Jan-22,RED APPLE BRANDING AND MARKETING CONSULTANCY LTD,RED APPLE BRANDING    PAYMENT            FT ," 49,230.80 ",,,,,,,,,,,,,,,,,,,,,,,
17-Jan-22,RED APPLE BRANDING AND MARKETING CONSULTANCY LTD,RED APPLE BRANDING    PAYMENT            BBP," 34,579.80 ",,,,,,,,,,,,,,,,,,,,,,,
24-Jan-22,RED APPLE BRANDING AND MARKETING CONSULTANCY LTD,RED APPLE BRANDING    PAYMENT            BBP," 48,520.32 ",,,,,,,,,,,,,,,,,,,,,,,
2-Feb-22,RED APPLE BRANDING AND MARKETING CONSULTANCY LTD,RED APPLE BRANDING    PAYMENT            FT ," 7,200.00 ",,,,,,,,,,,,,,,,,,,,,,,
9-Feb-22,RED APPLE BRANDING AND MARKETING CONSULTANCY LTD,RED APPLE BRANDING    PAYMENT            BBP," 37,560.98 ",,,,,,,,,,,,,,,,,,,,,,,
9-Feb-22,RED APPLE BRANDING AND MARKETING CONSULTANCY LTD,RED APPLE BRANDING    PAYMENT            BBP," 46,870.00 ",,,,,,,,,,,,,,,,,,,,,,,
10-Feb-22,RED APPLE BRANDING AND MARKETING CONSULTANCY LTD,RED APPLE BRANDING    PAYMENT            BBP," 26,580.00 ",,,,,,,,,,,,,,,,,,,,,,,
10-Feb-22,RED APPLE BRANDING AND MARKETING CONSULTANCY LTD,RED APPLE BRANDING    PAYMENT            BBP," 45,560.00 ",,,,,,,,,,,,,,,,,,,,,,,
14-Feb-22,RED APPLE BRANDING AND MARKETING CONSULTANCY LTD,RED APPLE BRANDING    PAYMENT            FT ," 12,000.98 ",,,,,,,,,,,,,,,,,,,,,,,
16-Feb-22,RED APPLE BRANDING AND MARKETING CONSULTANCY LTD,RED APPLE BRANDING    PAYMENT            BBP," 48,908.89 ",,,,,,,,,,,,,,,,,,,,,,,
18-Feb-22,RED APPLE BRANDING AND MARKETING CONSULTANCY LTD,RED APPLE BRANDING    PAYMENT            BBP," 37,680.90 ",,,,,,,,,,,,,,,,,,,,,,,
28-Feb-22,RED APPLE BRANDING AND MARKETING CONSULTANCY LTD,RED APPLE BRANDING    PAYMENT            FT ," 8,520.80 ",,,,,,,,,,,,,,,,,,,,,,,
11-Apr-22,RED APPLE BRANDING AND MARKETING CONSULTANCY LTD,RED APPLE BRANDING    INVOICE 212        BBP," 1,800.56 ",,,,,,,,,,,,,,,,,,,,,,,
12-Sep-22,RED APPLE BRANDING AND MARKETING CONSULTANCY LTD,RED APPLE MARKETIN    00967192BBL FT, 950.00 ,,,,,,,,,,,,,,,,,,,,,,,
8-Nov-22,RED APPLE BRANDING AND MARKETING CONSULTANCY LTD,RED APPLE MARKETIN    00967192BBL BBP," 1,000.00 ",,,,,,,,,,,,,,,,,,,,,,,
10-Feb-23,REFINE SECURITY SERVICES,REFINE SECURITY SE    AS PER INVOICE GRP," 2,662.20 ",,,,,,,,,,,,,,,,,,,,,,,
10-Mar-23,REFINE SECURITY SERVICES,REFINE SECURITY SE    AS PER INVOICE GRP," 3,770.00 ",,,,,,,,,,,,,,,,,,,,,,,
11-Apr-23,REFINE SECURITY SERVICES,REFINE SECURITY SE    AS PER INVOICE GRP," 5,439.00 ",,,,,,,,,,,,,,,,,,,,,,,
25-May-22,RIA SECURITY LTD  ,RIA SECURITY LTD      AS INVOICED BBP," 4,950.45 ",,,,,,,,,,,,,,,,,,,,,,,
31-May-22,RIA SECURITY LTD  ,RIA SECURITY LTD      AS INVOICED BBP," 7,925.45 ",,,,,,,,,,,,,,,,,,,,,,,
23-Jun-22,RIA SECURITY LTD  ,RIA SECURITY LTD      AS INVOICED BBP," 1,260.00 ",,,,,,,,,,,,,,,,,,,,,,,
20-Jul-22,RIA SECURITY LTD  ,RIA SECURITY LTD      AS INVOICED BBP, 102.00 ,,,,,,,,,,,,,,,,,,,,,,,
27-Mar-23,RIA SECURITY LTD  ,RIA SECURITY LTD      AS INVOICED BBP, 408.00 ,,,,,,,,,,,,,,,,,,,,,,,
26-Apr-23,RIA SECURITY LTD  ,RIA SECURITY LTD      AS INVOICED BBP," 3,191.52 ",,,,,,,,,,,,,,,,,,,,,,,
28-Apr-23,RIA SECURITY LTD  ,RIA SECURITY LTD      AS INVOICED BBP," 2,334.00 ",,,,,,,,,,,,,,,,,,,,,,,
30-Mar-22,RK SECURITY LIMITED,RK SECURITY SERVIC    INVOICE2145        BBP," 3,500.00 ",,,,,,,,,,,,,,,,,,,,,,,
31-Mar-22,RK SECURITY LIMITED,RK SECURITY SERVIC    INVOICE2147        BBP," 7,350.00 ",,,,,,,,,,,,,,,,,,,,,,,
4-Apr-22,RK SECURITY LIMITED,RK SECURITY SERVIC    INVOICE2149        BBP," 3,624.52 ",,,,,,,,,,,,,,,,,,,,,,,
19-Apr-22,RK SECURITY LIMITED,RK SECURITY SERVIC    INVOICE2150        BBP," 10,217.00 ",,,,,,,,,,,,,,,,,,,,,,,
22-Apr-22,RK SECURITY LIMITED,RK SECURITY SERVIC    JAV                FT ," 2,000.00 ",,,,,,,,,,,,,,,,,,,,,,,
30-May-22,RK SECURITY LIMITED,RK SECURITY SERVIC    INVOICE2149 FT," 2,000.00 ",,,,,,,,,,,,,,,,,,,,,,,
1-Jun-22,RK SECURITY LIMITED,RK SECURITY SERVIC    INVOICE2149 FT," 1,200.00 ",,,,,,,,,,,,,,,,,,,,,,,
25-Nov-21,RKFM LTD,RK FM LTD             INVOICE            BBP," 5,000.00 ",,,,,,,,,,,,,,,,,,,,,,,
26-Nov-21,RKFM LTD,RK FM LTD             INVOICE            FT ," 5,000.00 ",,,,,,,,,,,,,,,,,,,,,,,
7-Dec-21,RKFM LTD,RK FM LTD             INVOICE            FT ," 5,500.00 ",,,,,,,,,,,,,,,,,,,,,,,
15-Dec-21,RKFM LTD,RK FM LTD             INVOICE            BBP," 20,000.00 ",,,,,,,,,,,,,,,,,,,,,,,
28-Feb-22,RKFM LTD,RK FM LTD             INVOICE 0004       FT ," 10,800.00 ",,,,,,,,,,,,,,,,,,,,,,,
22-Mar-22,RKFM LTD,RK FM LTD             INVOICE            BBP," 10,800.00 ",,,,,,,,,,,,,,,,,,,,,,,
23-Mar-22,RKFM LTD,RK FM LTD             JAV                FT ," 1,478.00 ",,,,,,,,,,,,,,,,,,,,,,,
19-Apr-22,RKFM LTD,RK FM LTD             AS INVOICED        BBP," 12,000.00 ",,,,,,,,,,,,,,,,,,,,,,,
25-May-22,RKFM LTD,RK FM LTD             AS INVOICED BBP," 12,000.00 ",,,,,,,,,,,,,,,,,,,,,,,
27-Jun-22,RKFM LTD,RK FM LTD             AS INVOICED FT," 5,000.00 ",,,,,,,,,,,,,,,,,,,,,,,
11-Jul-22,RKFM LTD,RK FM LTD             INVOICE BBP," 11,525.10 ",,,,,,,,,,,,,,,,,,,,,,,
20-Jul-22,RKFM LTD,RK FM LTD             INVOICE0017 BBP," 12,000.00 ",,,,,,,,,,,,,,,,,,,,,,,
5-Sep-22,RKFM LTD,RK FM LTD             AS INVOICED FT," 6,977.00 ",,,,,,,,,,,,,,,,,,,,,,,
28-Sep-22,RKFM LTD,RK FM LTD             AS INVOICED BBP," 10,308.29 ",,,,,,,,,,,,,,,,,,,,,,,
23-Nov-22,RKFM LTD,RK FM LTD             INVOICE BBP," 18,271.68 ",,,,,,,,,,,,,,,,,,,,,,,
28-Dec-22,RKFM LTD,RK FM LTD             INVOICE BBP," 16,423.81 ",,,,,,,,,,,,,,,,,,,,,,,
27-Jan-23,RKFM LTD,RK FM LTD             AS INVOICED BBP," 18,275.77 ",,,,,,,,,,,,,,,,,,,,,,,
3-Mar-23,RKFM LTD,RK FM LTD             AS INVOICED BBP," 13,755.62 ",,,,,,,,,,,,,,,,,,,,,,,
27-Mar-23,RKFM LTD,RK FM LTD             AS INVOICED FT," 9,606.40 ",,,,,,,,,,,,,,,,,,,,,,,
26-Apr-23,RKFM LTD,RK FM LTD             AS INVOICED BBP," 5,171.98 ",,,,,,,,,,,,,,,,,,,,,,,
12-Sep-22,ROXEN SECURITY LIMITED,ROXEN SECURITY LTD    AS INVOICED FT," 4,500.00 ",,,,,,,,,,,,,,,,,,,,,,,
16-Sep-22,ROXEN SECURITY LIMITED,ROXEN SECURITY LTD    AS INVOICED FT," 2,780.75 ",,,,,,,,,,,,,,,,,,,,,,,
24-Oct-22,ROXEN SECURITY LIMITED,ROXEN SECURITY LTD    AS INVOICED BBP," 20,000.00 ",,,,,,,,,,,,,,,,,,,,,,,
10-Nov-22,ROXEN SECURITY LIMITED,ROXEN SECURITY LTD    AS INVOICED FT," 22,915.25 ",,,,,,,,,,,,,,,,,,,,,,,
14-Nov-22,ROXEN SECURITY LIMITED,ROXEN SECURITY LTD    AS INVOICED FT," 13,295.78 ",,,,,,,,,,,,,,,,,,,,,,,
21-Nov-22,ROXEN SECURITY LIMITED,ROXEN SECURITY LTD    AS INVOICED BBP," 14,500.00 ",,,,,,,,,,,,,,,,,,,,,,,
11-May-22,RR SECURITY SERVICES LTD,RR SECURITY LIMITE    INVOICE 235 BBP," 4,542.44 ",,,,,,,,,,,,,,,,,,,,,,,
13-Jun-22,RR SECURITY SERVICES LTD,RR SECURITY LIMITE    INVOICE 240 BBP," 15,802.13 ",,,,,,,,,,,,,,,,,,,,,,,
13-Jul-22,RR SECURITY SERVICES LTD,RR SECURITY LIMITE    INVOICE 239 FT," 11,201.00 ",,,,,,,,,,,,,,,,,,,,,,,
15-Jul-22,RR SECURITY SERVICES LTD,RR SECURITY LIMITE    INVOICE 246 FT," 3,000.00 ",,,,,,,,,,,,,,,,,,,,,,,
18-Jul-22,RR SECURITY SERVICES LTD,RR SECURITY LIMITE    INVOICE 246 FT," 3,700.00 ",,,,,,,,,,,,,,,,,,,,,,,
21-Jul-22,RR SECURITY SERVICES LTD,RR SECURITY LIMITE    INVOICE 246 FT," 3,600.00 ",,,,,,,,,,,,,,,,,,,,,,,
26-Jul-22,RR SECURITY SERVICES LTD,RR SECURITY LIMITE    INVOICE 245 FT," 2,000.00 ",,,,,,,,,,,,,,,,,,,,,,,
15-Aug-22,RR SECURITY SERVICES LTD,RR SECURITY LIMITE    AS INVOICED FT," 2,000.00 ",,,,,,,,,,,,,,,,,,,,,,,
16-Aug-22,RR SECURITY SERVICES LTD,RR SECURITY LIMITE    INVOICE 245 FT," 3,000.00 ",,,,,,,,,,,,,,,,,,,,,,,
2-Sep-22,RR SECURITY SERVICES LTD,RR SECURITY LIMITE    INVOICE 251 FT," 10,000.00 ",,,,,,,,,,,,,,,,,,,,,,,
5-Sep-22,RR SECURITY SERVICES LTD,RR SECURITY LIMITE    INVOICE 265 BBP," 11,000.00 ",,,,,,,,,,,,,,,,,,,,,,,
5-Sep-22,RR SECURITY SERVICES LTD,RR SECURITY LIMITE    INVOICE 235 FT," 10,000.00 ",,,,,,,,,,,,,,,,,,,,,,,
5-Sep-22,RR SECURITY SERVICES LTD,RR SECURITY LIMITE    AS INVOICED BBP," 10,000.00 ",,,,,,,,,,,,,,,,,,,,,,,
22-Mar-22,SAFETY SECURITY SERVICES LTD,SAFETY SECURITY SE    INVOICE            BBP, 390.00 ,,,,,,,,,,,,,,,,,,,,,,,
22-Jul-21,SDN SECURITY SOLUTION,SDN SECURITY SOLUT    INVOICE            BBP, 920.00 ,,,,,,,,,,,,,,,,,,,,,,,
23-Jul-21,SDN SECURITY SOLUTION,SDN SECURITY SOLUT    INVOICE            FT ," 6,850.45 ",,,,,,,,,,,,,,,,,,,,,,,
26-Jul-21,SDN SECURITY SOLUTION,SDN SECURITY SOLUT    INVOICE            FT ," 11,415.00 ",,,,,,,,,,,,,,,,,,,,,,,
29-Jul-21,SDN SECURITY SOLUTION,SDN SECURITY SOLUT    INVOICE            BBP," 8,000.00 ",,,,,,,,,,,,,,,,,,,,,,,
9-Aug-21,SDN SECURITY SOLUTION,SDN SECURITY SOLUT    INVOICE            BBP," 21,580.52 ",,,,,,,,,,,,,,,,,,,,,,,
9-Aug-21,SDN SECURITY SOLUTION,SDN SECURITY SOLUT    INVOICE            FT ," 20,748.00 ",,,,,,,,,,,,,,,,,,,,,,,
13-Oct-21,SDN SECURITY SOLUTION,SDN SECURITY SOLUT    INVOICE            BBP," 40,000.00 ",,,,,,,,,,,,,,,,,,,,,,,
14-Oct-21,SDN SECURITY SOLUTION,SDN SECURITY SOLUT    INVOICE            FT ," 39,590.50 ",,,,,,,,,,,,,,,,,,,,,,,
19-Oct-21,SDN SECURITY SOLUTION,SDN SECURITY SOLUT    INVOICE            FT ," 25,000.00 ",,,,,,,,,,,,,,,,,,,,,,,
18-Nov-21,SDN SECURITY SOLUTION,SDN SECURITY SOLUT    INVOICE            BBP," 30,000.00 ",,,,,,,,,,,,,,,,,,,,,,,
23-Nov-21,SDN SECURITY SOLUTION,SDN SECURITY SOLUT    INVOICE            BBP," 50,000.00 ",,,,,,,,,,,,,,,,,,,,,,,
24-Nov-21,SDN SECURITY SOLUTION,SDN SECURITY SOLUT    INVOICE            BBP," 50,000.00 ",,,,,,,,,,,,,,,,,,,,,,,
1-Dec-21,SDN SECURITY SOLUTION,SDN SECURITY SOLUT    INVOICE            BBP," 50,000.00 ",,,,,,,,,,,,,,,,,,,,,,,
2-Dec-21,SDN SECURITY SOLUTION,SDN SECURITY SOLUT    INVOICE            BBP," 20,000.00 ",,,,,,,,,,,,,,,,,,,,,,,
15-Dec-21,SDN SECURITY SOLUTION,SDN SECURITY SOLUT    INVOICE            FT ," 40,000.00 ",,,,,,,,,,,,,,,,,,,,,,,
24-Dec-21,SDN SECURITY SOLUTION,SDN SECURITY SOLUT    INVOICE            FT ," 30,000.00 ",,,,,,,,,,,,,,,,,,,,,,,
22-Mar-22,SECURE FIRST FM LTD,SECURE FIRST FM LT    GUARDIAN FM / 71   BBP," 5,400.00 ",,,,,,,,,,,,,,,,,,,,,,,
19-Apr-22,SECURE FIRST FM LTD,SECURE FIRST FM LT    AS INVOICED        BBP," 9,363.75 ",,,,,,,,,,,,,,,,,,,,,,,
25-May-22,SECURE FIRST FM LTD,SECURE FIRST FM LT    AS INVOICED BBP," 13,669.20 ",,,,,,,,,,,,,,,,,,,,,,,
23-Jun-22,SECURE FIRST FM LTD,SECURE FIRST FM LT    GUARDIAN FM / 74 BBP," 11,445.83 ",,,,,,,,,,,,,,,,,,,,,,,
1-Jul-22,SECURE FIRST FM LTD,SECURE FIRST FM LT    AS INVOICED FT," 2,289.17 ",,,,,,,,,,,,,,,,,,,,,,,
20-Jul-22,SECURE FIRST FM LTD,SECURE FIRST FM LT    GUARDIAN FM / 108 BBP," 15,437.96 ",,,,,,,,,,,,,,,,,,,,,,,
25-Aug-22,SECURE FIRST FM LTD,SECURE FIRST FM LT    GUARDIAN FM / 71 BBP," 10,767.30 ",,,,,,,,,,,,,,,,,,,,,,,
28-Sep-22,SECURE FIRST FM LTD,SECURE FIRST FM LT    AS INVOICED BBP," 15,030.30 ",,,,,,,,,,,,,,,,,,,,,,,
24-Oct-22,SECURE FIRST FM LTD,SECURE FIRST FM LT    AS INVOICED BBP," 19,406.34 ",,,,,,,,,,,,,,,,,,,,,,,
23-Nov-22,SECURE FIRST FM LTD,SECURE FIRST FM LT    AS INVOICED BBP," 19,272.00 ",,,,,,,,,,,,,,,,,,,,,,,
28-Nov-22,SECURE FIRST FM LTD,SECURE FIRST FM LT    AS INVOICED BBP," 1,380.00 ",,,,,,,,,,,,,,,,,,,,,,,
19-Dec-22,SECURE FIRST FM LTD,SECURE FIRST FM LT    LOAN FT," 5,000.00 ",,,,,,,,,,,,,,,,,,,,,,,
28-Dec-22,SECURE FIRST FM LTD,SECURE FIRST FM LT    AS INVOICED BBP," 17,607.60 ",,,,,,,,,,,,,,,,,,,,,,,
25-Jan-23,SECURE FIRST FM LTD,SECURE FIRST FM LT    GUARDIAN FM / 71 BBP," 15,548.83 ",,,,,,,,,,,,,,,,,,,,,,,
27-Feb-23,SECURE FIRST FM LTD,SECURE FIRST FM LT    AS INVOICED BBP," 9,092.93 ",,,,,,,,,,,,,,,,,,,,,,,
27-Mar-23,SECURE FIRST FM LTD,SECURE FIRST FM LT    AS INVOICED BBP," 9,446.40 ",,,,,,,,,,,,,,,,,,,,,,,
26-Apr-23,SECURE FIRST FM LTD,SECURE FIRST FM LT    GUARDIAN FM / 71 BBP," 8,067.50 ",,,,,,,,,,,,,,,,,,,,,,,
10-Mar-22,SECURITY SAFE ZONE LTD,SECURITY ZONE MIDL    INVOICE BBP," 24,428.40 ",,,,,,,,,,,,,,,,,,,,,,,
22-Mar-22,SECURITY SAFE ZONE LTD,SECURITY ZONE MIDL    INVOICE            BBP," 6,500.00 ",,,,,,,,,,,,,,,,,,,,,,,
24-Mar-22,SECURITY SAFE ZONE LTD,SECURITY ZONE MIDL    INVOICE215         BBP," 7,148.00 ",,,,,,,,,,,,,,,,,,,,,,,
4-Apr-22,SECURITY SAFE ZONE LTD,SECURITY ZONE MIDL    INVOICE217         BBP," 2,730.92 ",,,,,,,,,,,,,,,,,,,,,,,
19-Apr-22,SECURITY SAFE ZONE LTD,SECURITY ZONE MIDL    INVOICE219         BBP," 23,010.00 ",,,,,,,,,,,,,,,,,,,,,,,
20-May-22,SECURITY SAFE ZONE LTD,SECURITY ZONE MIDL    INVOICE230 BBP," 15,968.44 ",,,,,,,,,,,,,,,,,,,,,,,
23-Jun-22,SECURITY SAFE ZONE LTD,SECURITY ZONE MIDL    INVOICE232 BBP," 16,122.60 ",,,,,,,,,,,,,,,,,,,,,,,
20-Jul-22,SECURITY SAFE ZONE LTD,SECURITY ZONE MIDL    INVOICE BBP," 12,052.00 ",,,,,,,,,,,,,,,,,,,,,,,
26-Aug-22,SECURITY SAFE ZONE LTD,SECURITY ZONE MIDL    INVOICE225 FT," 24,373.00 ",,,,,,,,,,,,,,,,,,,,,,,
30-Aug-22,SECURITY SAFE ZONE LTD,SECURITY ZONE MIDL    INVOICE239 BBP," 10,000.00 ",,,,,,,,,,,,,,,,,,,,,,,
24-Oct-22,SECURITY SAFE ZONE LTD,SECURITY ZONE MIDL    INVOICE BBP," 9,447.00 ",,,,,,,,,,,,,,,,,,,,,,,
26-Oct-22,SECURITY SAFE ZONE LTD,SECURITY ZONE MIDL    INVOICE BBP," 20,896.80 ",,,,,,,,,,,,,,,,,,,,,,,
23-Nov-22,SECURITY SAFE ZONE LTD,SECURITY ZONE MIDL    INVOICE BBP," 17,431.32 ",,,,,,,,,,,,,,,,,,,,,,,
28-Dec-22,SECURITY SAFE ZONE LTD,SECURITY ZONE MIDL    INVOICE BBP," 3,344.29 ",,,,,,,,,,,,,,,,,,,,,,,
28-Dec-22,SECURITY SAFE ZONE LTD,SECURITY ZONE MIDL    INVOICE BBP," 10,000.00 ",,,,,,,,,,,,,,,,,,,,,,,
27-Jan-23,SECURITY SAFE ZONE LTD,SECURITY ZONE MIDL    INVOICE BBP," 16,144.80 ",,,,,,,,,,,,,,,,,,,,,,,
8-Mar-23,SECURITY SAFE ZONE LTD,SECURITY ZONE MIDL    INVOICE BBP," 12,381.60 ",,,,,,,,,,,,,,,,,,,,,,,
27-Mar-23,SECURITY SAFE ZONE LTD,SECURITY ZONE MIDL    INVOICE BBP," 12,909.60 ",,,,,,,,,,,,,,,,,,,,,,,
26-Apr-23,SECURITY SAFE ZONE LTD,SECURITY ZONE MIDL    INVOICE BBP," 17,943.64 ",,,,,,,,,,,,,,,,,,,,,,,
26-Apr-23,SECURITY SMART LTD,SECURITY SMART LTD    AS PER INVOICE BBP," 9,500.00 ",,,,,,,,,,,,,,,,,,,,,,,
27-Apr-23,SECURITY SMART LTD,SECURITY SMART LTD    AS PER INVOICE FT," 6,500.00 ",,,,,,,,,,,,,,,,,,,,,,,
28-Apr-23,SECURITY SMART LTD,SECURITY SMART LTD    AS PER INVOICE BBP," 14,000.00 ",,,,,,,,,,,,,,,,,,,,,,,
4-May-21,SILICON MANAGEMENT,SILCON MANAGEMNET     INVOICE            FT ," 15,408.58 ",,,,,,,,,,,,,,,,,,,,,,,
4-May-21,SILICON MANAGEMENT,SILCON MANAGEMNET     INVOICE            FT ," 15,808.90 ",,,,,,,,,,,,,,,,,,,,,,,
4-May-21,SILICON MANAGEMENT,SILCON MANAGEMNET     INVOICE            BBP," 11,200.40 ",,,,,,,,,,,,,,,,,,,,,,,
10-May-21,SILICON MANAGEMENT,SILCON MANAGEMNET     INVOICE            FT ," 49,500.80 ",,,,,,,,,,,,,,,,,,,,,,,
11-May-21,SILICON MANAGEMENT,SILCON MANAGEMNET     INVOICE            FT ," 5,208.80 ",,,,,,,,,,,,,,,,,,,,,,,
17-May-21,SILICON MANAGEMENT,SILCON MANAGEMNET     INVOICE            BBP," 49,450.67 ",,,,,,,,,,,,,,,,,,,,,,,
17-May-21,SILICON MANAGEMENT,SILCON MANAGEMNET     INVOICE            FT ," 8,050.80 ",,,,,,,,,,,,,,,,,,,,,,,
19-May-21,SILICON MANAGEMENT,SILCON MANAGEMNET     INVOICE            FT ," 26,508.80 ",,,,,,,,,,,,,,,,,,,,,,,
24-May-21,SILICON MANAGEMENT,SILCON MANAGEMNET     INVOICE            FT ," 13,580.50 ",,,,,,,,,,,,,,,,,,,,,,,
24-May-21,SILICON MANAGEMENT,SILCON MANAGEMNET     INVOICE            FT ," 3,850.80 ",,,,,,,,,,,,,,,,,,,,,,,
1-Jun-21,SILICON MANAGEMENT,SILCON MANAGEMNET     INVOICE            FT ," 27,500.80 ",,,,,,,,,,,,,,,,,,,,,,,
1-Jun-21,SILICON MANAGEMENT,SILCON MANAGEMNET     INVOICE            FT ," 22,500.80 ",,,,,,,,,,,,,,,,,,,,,,,
10-Jun-21,SILICON MANAGEMENT,SILCON MANAGEMNET     INVOICE            BBP," 49,500.50 ",,,,,,,,,,,,,,,,,,,,,,,
11-Jun-21,SILICON MANAGEMENT,SILCON MANAGEMNET     INVOICE            FT ," 6,850.80 ",,,,,,,,,,,,,,,,,,,,,,,
11-Jun-21,SILICON MANAGEMENT,SILCON MANAGEMNET     INVOICE            BBP," 48,390.56 ",,,,,,,,,,,,,,,,,,,,,,,
15-Jun-21,SILICON MANAGEMENT,SILCON MANAGEMNET     INVOICE            FT ," 49,500.50 ",,,,,,,,,,,,,,,,,,,,,,,
16-Jun-21,SILICON MANAGEMENT,SILCON MANAGEMNET     INVOICE            FT ," 22,580.90 ",,,,,,,,,,,,,,,,,,,,,,,
17-Jun-21,SILICON MANAGEMENT,SILCON MANAGEMNET     INVOICE            FT ," 22,508.80 ",,,,,,,,,,,,,,,,,,,,,,,
18-Jun-21,SILICON MANAGEMENT,SILCON MANAGEMNET     INVOICE            FT ," 25,805.80 ",,,,,,,,,,,,,,,,,,,,,,,
21-Jun-21,SILICON MANAGEMENT,SILCON MANAGEMNET     INVOICE            FT ," 9,508.80 ",,,,,,,,,,,,,,,,,,,,,,,
21-Jun-21,SILICON MANAGEMENT,SILCON MANAGEMNET     INVOICE            FT ," 2,580.74 ",,,,,,,,,,,,,,,,,,,,,,,
22-Jun-21,SILICON MANAGEMENT,SILCON MANAGEMNET     INVOICE            FT ," 12,580.58 ",,,,,,,,,,,,,,,,,,,,,,,
23-Jun-21,SILICON MANAGEMENT,SILCON MANAGEMNET     INVOICE            FT ," 2,580.58 ",,,,,,,,,,,,,,,,,,,,,,,
24-Jun-21,SILICON MANAGEMENT,SILCON MANAGEMNET     INVOICE            FT ," 26,000.00 ",,,,,,,,,,,,,,,,,,,,,,,
29-Jun-21,SILICON MANAGEMENT,SILCON MANAGEMNET     INVOICE            FT ," 49,580.50 ",,,,,,,,,,,,,,,,,,,,,,,
30-Jun-21,SILICON MANAGEMENT,SILCON MANAGEMNET     INVOICE            BBP," 49,980.90 ",,,,,,,,,,,,,,,,,,,,,,,
7-Jul-21,SILICON MANAGEMENT,SILCON MANAGEMNET     INVOICE            FT ," 32,085.80 ",,,,,,,,,,,,,,,,,,,,,,,
8-Jul-21,SILICON MANAGEMENT,SILCON MANAGEMNET     INVOICE            BBP," 49,567.45 ",,,,,,,,,,,,,,,,,,,,,,,
9-Jul-21,SILICON MANAGEMENT,SILCON MANAGEMNET     INVOICE            FT ," 48,500.80 ",,,,,,,,,,,,,,,,,,,,,,,
12-Jul-21,SILICON MANAGEMENT,SILCON MANAGEMNET     INVOICE            BBP," 19,500.20 ",,,,,,,,,,,,,,,,,,,,,,,
14-Jul-21,SILICON MANAGEMENT,SILCON MANAGEMNET     INVOICE            FT ," 25,850.00 ",,,,,,,,,,,,,,,,,,,,,,,
15-Jul-21,SILICON MANAGEMENT,SILCON MANAGEMNET     INVOICE            BBP," 29,780.45 ",,,,,,,,,,,,,,,,,,,,,,,
15-Jul-21,SILICON MANAGEMENT,SILCON MANAGEMNET     INVOICE            FT ," 15,800.58 ",,,,,,,,,,,,,,,,,,,,,,,
16-Jul-21,SILICON MANAGEMENT,SILCON MANAGEMNET     INVOICE            FT ," 35,650.09 ",,,,,,,,,,,,,,,,,,,,,,,
21-Jul-21,SILICON MANAGEMENT,SILCON MANAGEMNET     INVOICE            BBP," 35,468.90 ",,,,,,,,,,,,,,,,,,,,,,,
20-Aug-21,SILICON MANAGEMENT,SILCON MANAGEMNET     INVOICE            FT ," 12,500.80 ",,,,,,,,,,,,,,,,,,,,,,,
13-Sep-21,SILICON MANAGEMENT,SILCON MANAGEMNET     INVOICE            FT ," 10,506.80 ",,,,,,,,,,,,,,,,,,,,,,,
15-Sep-21,SILICON MANAGEMENT,SILCON MANAGEMNET     INVOICE            FT ," 2,000.00 ",,,,,,,,,,,,,,,,,,,,,,,
29-Sep-21,SILICON MANAGEMENT,SILCON MANAGEMNET     INVOICE            FT ," 2,500.00 ",,,,,,,,,,,,,,,,,,,,,,,
3-Nov-21,SILICON MANAGEMENT,SILCON MANAGEMNET     INVOICE            FT ," 1,200.00 ",,,,,,,,,,,,,,,,,,,,,,,
21-Apr-22,SILICON MANAGEMENT,SILICON MANAGEMENT    AS INVOICED        BBP," 4,358.90 ",,,,,,,,,,,,,,,,,,,,,,,
11-May-22,SILICON MANAGEMENT,SILICON MANAGEMENT    AS INVOICED BBP," 9,505.50 ",,,,,,,,,,,,,,,,,,,,,,,
22-Aug-22,TAURUS INVESTIGATION AND PROTECTION SERVICES LTD,TAURUS INVESTIGATI    INVOICE BBP," 6,707.75 ",,,,,,,,,,,,,,,,,,,,,,,
23-Sep-22,TAURUS INVESTIGATION AND PROTECTION SERVICES LTD,TAURUS INVESTIGATI    INVOICE027 FT," 13,536.93 ",,,,,,,,,,,,,,,,,,,,,,,
13-Sep-22,TMT SECURITY LTD,TMT SECURITY SERVI    AS INVOICED FT," 4,588.00 ",,,,,,,,,,,,,,,,,,,,,,,
28-Sep-22,TMT SECURITY LTD,TMT SECURITY SERVI    AS INVOICED BBP," 4,588.00 ",,,,,,,,,,,,,,,,,,,,,,,
17-Oct-22,TMT SECURITY LTD,TMT SECURITY SERVI    AS INVOICED FT," 7,224.00 ",,,,,,,,,,,,,,,,,,,,,,,
17-Nov-22,TMT SECURITY LTD,TMT SECURITY SERVI    AS INVOICED FT," 4,856.00 ",,,,,,,,,,,,,,,,,,,,,,,
15-Dec-22,TMT SECURITY LTD,TMT SECURITY SERVI    AS INVOICED FT," 1,392.00 ",,,,,,,,,,,,,,,,,,,,,,,
18-Jun-21,UK FORCE SERVICES LIMITED,UK FORCE SERVICES     PAY                BBP," 4,950.50 ",,,,,,,,,,,,,,,,,,,,,,,
21-Jun-21,UK FORCE SERVICES LIMITED,UK FORCE SERVICES     PAY                FT ," 23,682.00 ",,,,,,,,,,,,,,,,,,,,,,,
19-Jul-21,UK FORCE SERVICES LIMITED,UK FORCE SERVICES     PAY                BBP," 25,000.00 ",,,,,,,,,,,,,,,,,,,,,,,
28-Jul-21,UK FORCE SERVICES LIMITED,UK FORCE SERVICES     PAY                FT ," 15,000.00 ",,,,,,,,,,,,,,,,,,,,,,,
20-Aug-21,UK FORCE SERVICES LIMITED,UK FORCE SERVICES     PAY                FT ," 21,600.00 ",,,,,,,,,,,,,,,,,,,,,,,
17-Sep-21,UK FORCE SERVICES LIMITED,UK FORCE SERVICES     PAY                BBP," 22,800.00 ",,,,,,,,,,,,,,,,,,,,,,,
20-Oct-21,UK FORCE SERVICES LIMITED,UK FORCE SERVICES     PAY                BBP," 22,000.00 ",,,,,,,,,,,,,,,,,,,,,,,
25-Nov-21,UK FORCE SERVICES LIMITED,UK FORCE SERVICES     PAY                BBP," 2,408.63 ",,,,,,,,,,,,,,,,,,,,,,,
20-Dec-21,UK FORCE SERVICES LIMITED,UK FORCE SERVICES     PAY                FT ," 2,448.00 ",,,,,,,,,,,,,,,,,,,,,,,
24-Dec-21,UK FORCE SERVICES LIMITED,UK FORCE SERVICES     PAY                FT ," 3,521.00 ",,,,,,,,,,,,,,,,,,,,,,,
25-Jan-22,UK FORCE SERVICES LIMITED,UK FORCE SERVICES     PAY                FT ," 2,013.60 ",,,,,,,,,,,,,,,,,,,,,,,
16-Feb-22,UK FORCE SERVICES LIMITED,UK FORCE SERVICES     PAY                FT , 60.00 ,,,,,,,,,,,,,,,,,,,,,,,
16-Feb-22,UK FORCE SERVICES LIMITED,UK FORCE SERVICES     PAY                FT , 604.80 ,,,,,,,,,,,,,,,,,,,,,,,
16-Feb-22,UK FORCE SERVICES LIMITED,UK FORCE SERVICES     PAY                FT , 300.00 ,,,,,,,,,,,,,,,,,,,,,,,
22-Mar-22,UK FORCE SERVICES LIMITED,UK FORCE SERVICES     PAY                BBP," 1,492.85 ",,,,,,,,,,,,,,,,,,,,,,,
25-Jul-22,UK FORCE SERVICES LIMITED,UK FORCE SERVICES     PAY FT," 7,000.00 ",,,,,,,,,,,,,,,,,,,,,,,
29-Nov-22,UK FORCE SERVICES LIMITED,UK FORCE SERVICES     INVOICE BBP," 1,400.00 ",,,,,,,,,,,,,,,,,,,,,,,
10-Jul-22,XTREME PROFESSIONAL CLEANING LTD,XTREME PROFESSIONA    AS INVOICED FT," 20,000.00 ",,,,,,,,,,,,,,,,,,,,,,,
30-Aug-22,XTREME PROFESSIONAL CLEANING LTD,XTREME PROFESSIONA    AS INVOICED BBP," 4,900.00 ",,,,,,,,,,,,,,,,,,,,,,,
21-Sep-22,XTREME PROFESSIONAL CLEANING LTD,XTREME PROFESSIONA    AS INVOICED FT," 5,000.00 ",,,,,,,,,,,,,,,,,,,,,,,
13-Oct-22,XTREME PROFESSIONAL CLEANING LTD,XTREME PROFESSIONA    AS INVOICED FT," 22,000.00 ",,,,,,,,,,,,,,,,,,,,,,,
14-Oct-22,XTREME PROFESSIONAL CLEANING LTD,XTREME PROFESSIONA    AS INVOICED FT," 6,000.00 ",,,,,,,,,,,,,,,,,,,,,,,
20-Oct-22,XTREME PROFESSIONAL CLEANING LTD,XTREME PROFESSIONA    AS INVOICED FT," 2,000.00 ",,,,,,,,,,,,,,,,,,,,,,,
24-Oct-22,XTREME PROFESSIONAL CLEANING LTD,XTREME PROFESSIONA    AS INVOICED BBP," 15,000.00 ",,,,,,,,,,,,,,,,,,,,,,,
10-Nov-22,XTREME PROFESSIONAL CLEANING LTD,XTREME PROFESSIONA    AS INVOICED FT," 20,000.00 ",,,,,,,,,,,,,,,,,,,,,,,
7-Feb-23,XTREME PROFESSIONAL CLEANING LTD,XTREME PROFESSIONA    AS INVOICED FT," 40,000.00 ",,,,,,,,,,,,,,,,,,,,,,,
9-Feb-23,XTREME PROFESSIONAL CLEANING LTD,XTREME PROFESSIONA    AS INVOICED FT," 11,000.00 ",,,,,,,,,,,,,,,,,,,,,,,
14-Feb-23,XTREME PROFESSIONAL CLEANING LTD,XTREME PROFESSIONA    AS INVOICED FT," 2,000.00 ",,,,,,,,,,,,,,,,,,,,,,,
17-Feb-23,XTREME PROFESSIONAL CLEANING LTD,XTREME PROFESSIONA    AS INVOICED FT," 2,500.00 ",,,,,,,,,,,,,,,,,,,,,,,
21-Feb-23,XTREME PROFESSIONAL CLEANING LTD,XTREME PROFESSIONA    AS INVOICED FT," 5,000.00 ",,,,,,,,,,,,,,,,,,,,,,,
6-Mar-23,XTREME PROFESSIONAL CLEANING LTD,XTREME PROFESSIONA    AS INVOICED BBP," 4,000.00 ",,,,,,,,,,,,,,,,,,,,,,,
10-Mar-23,XTREME PROFESSIONAL CLEANING LTD,XTREME PROFESSIONA    AS INVOICED BBP," 28,000.00 ",,,,,,,,,,,,,,,,,,,,,,,
13-Mar-23,XTREME PROFESSIONAL CLEANING LTD,XTREME PROFESSIONA    AS INVOICED FT," 8,000.00 ",,,,,,,,,,,,,,,,,,,,,,,
17-Mar-23,XTREME PROFESSIONAL CLEANING LTD,XTREME PROFESSIONA    AS INVOICED BBP," 4,500.00 ",,,,,,,,,,,,,,,,,,,,,,,
22-Mar-23,XTREME PROFESSIONAL CLEANING LTD,XTREME PROFESSIONA    AS INVOICED FT," 4,000.00 ",,,,,,,,,,,,,,,,,,,,,,,
3-Apr-23,XTREME PROFESSIONAL CLEANING LTD,XTREME PROFESSIONA    AS INVOICED FT," 6,800.00 ",,,,,,,,,,,,,,,,,,,,,,,
11-Apr-23,XTREME PROFESSIONAL CLEANING LTD,XTREME PROFESSIONA    AS INVOICED FT," 40,000.00 ",,,,,,,,,,,,,,,,,,,,,,,
12-Apr-23,XTREME PROFESSIONAL CLEANING LTD,XTREME PROFESSIONA    AS INVOICED FT," 6,000.00 ",,,,,,,,,,,,,,,,,,,,,,,
17-Apr-23,XTREME PROFESSIONAL CLEANING LTD,XTREME PROFESSIONA    AS INVOICED FT," 8,000.00 ",,,,,,,,,,,,,,,,,,,,,,,
11-May-22,ZAIN SECURITY SERVICES LTD,ZAIN SECURITY SERV    INVOICE NO 112 BBP," 2,858.00 ",,,,,,,,,,,,,,,,,,,,,,,
12-May-22,ZAIN SECURITY SERVICES LTD,ZAIN SECURITY SERV    INVOICE NO 113 FT," 7,580.85 ",,,,,,,,,,,,,,,,,,,,,,,
,,,,,,,,,,,,,,,,,,,,,,,,,,
Total ,,," 9,481,036.42 ",,,,,,,,,,,,,,,,,,,,,,,
,,,,,,,,,,,,,,,,,,,,,,,,,,
,,,,,,,,,,,,,,,,,,,,,,,,,,
,,,,,,,,,,,,,,,,,,,,,,,,,,