Invoice Number,Supplier,Period Start,Period End,Subtotal,VAT Rate,VAT Amount,Total Amount,Status,Date Generated
"SBI-GUA-202304-0179","FIRST4FREELANCERS LIMITED","2023-04-01","2023-04-30","57898.94","20.00","11579.79","69478.73","approved","2023-05-03"
"SBI-GUA-202303-0166","RIA SECURITY LTD","2023-03-01","2023-03-31","4604.52","20.00","920.90","5525.42","approved","2023-04-07"
"SBI-GUA-202303-0167","XTREME PROFESSIONAL CLEANING LTD","2023-03-01","2023-03-31","50665.89","20.00","10133.18","60799.07","approved","2023-04-06"
"SBI-GUA-202303-0168","FIRST4FREELANCERS LIMITED","2023-03-01","2023-03-31","19930.56","20.00","3986.11","23916.67","approved","2023-04-03"
"SBI-GUA-202303-0169","FIRST CHOICE FM LTD","2023-03-01","2023-03-31","2051.28","20.00","410.26","2461.54","approved","2023-04-03"
"SBI-GUA-202303-0170","RKFM LTD","2023-03-01","2023-03-31","4401.48","20.00","880.30","5281.78","approved","2023-04-03"
"SBI-GUA-202303-0171","SECURE FIRST FM LTD","2023-03-01","2023-03-31","6722.76","20.00","1344.55","8067.31","approved","2023-04-03"
"SBI-GUA-202303-0172","FIRST ALLIED FACILITIES LTD","2023-03-01","2023-03-31","2454.10","20.00","490.82","2944.92","approved","2023-04-03"
"SBI-GUA-202303-0173","ALLIANCE FACILITIES MANAGEMENT LIMITED","2023-03-01","2023-03-31","24528.24","20.00","4905.65","29433.89","approved","2023-04-03"
"SBI-GUA-202303-0174","AAGUARD LTD","2023-03-01","2023-03-31","4432.89","20.00","886.58","5319.47","approved","2023-04-05"
"SBI-GUA-202303-0175","SECURITY ZONE MIDLANDS LIMITED","2023-03-01","2023-03-31","15576.00","20.00","3115.20","18691.20","approved","2023-04-07"
"SBI-GUA-202303-0176","REFINE SECURITY SERVICES LTD","2023-03-01","2023-03-31","4532.50","20.00","906.50","5439.00","paid","2023-04-06"
"SBI-GUA-202303-0177","MOXIE SECURITY LTD","2023-03-01","2023-03-31","4924.49","20.00","984.90","5909.39","paid","2023-04-06"
"SBI-GUA-202303-0178","CAPITAL PROTECTIONS LTD","2023-03-01","2023-03-31","1352.40","20.00","270.48","1622.88","approved","2023-04-06"
"SBI-GUA-202302-0153","ALLIANCE FACILITIES MANAGEMENT LIMITED","2023-02-01","2023-02-28","46302.63","20.00","9260.53","55563.16","approved","2023-03-03"
"SBI-GUA-202302-0154","XTREME PROFESSIONAL CLEANING LTD","2023-02-01","2023-02-28","40413.89","20.00","8082.78","48496.67","approved","2023-03-06"
"SBI-GUA-202302-0155","FIRST4FREELANCERS LIMITED","2023-02-01","2023-02-28","16124.28","20.00","3224.86","19349.14","approved","2023-03-03"
"SBI-GUA-202302-0156","RKFM LTD","2023-02-01","2023-02-28","8175.60","20.00","1635.12","9810.72","approved","2023-03-03"
"SBI-GUA-202302-0157","FIRST CHOICE FM LTD","2023-02-01","2023-02-28","2940.60","20.00","588.12","3528.72","approved","2023-03-07"
"SBI-GUA-202302-0158","REFINE SECURITY SERVICES LTD","2023-02-01","2023-02-28","3141.67","20.00","628.33","3770.00","paid","2023-03-03"
"SBI-GUA-202302-0159","SECURE FIRST FM LTD","2023-02-01","2023-02-28","7871.93","20.00","1574.39","9446.32","approved","2023-03-03"
"SBI-GUA-202302-0160","AAGUARD LTD","2023-02-01","2023-02-28","6977.36","20.00","1395.47","8372.83","approved","2023-03-03"
"SBI-GUA-202302-0161","SECURITY ZONE MIDLANDS LIMITED","2023-02-01","2023-02-28","21954.13","20.00","4390.83","26344.96","approved","2023-03-06"
"SBI-GUA-202302-0162","CAPITAL PROTECTIONS LTD","2023-02-01","2023-02-28","89.88","20.00","17.98","107.86","approved","2023-03-06"
"SBI-GUA-202302-0163","FIRST ALLIED FACILITIES LTD","2023-02-01","2023-02-28","2058.30","20.00","411.66","2469.96","approved","2023-03-07"
"SBI-GUA-202302-0164","MAN GUARD SECURITY SERVICES LTD","2023-02-01","2023-02-28","489.96","20.00","97.99","587.95","approved","2023-03-06"
"SBI-GUA-202302-0165","RIA SECURITY LTD","2023-02-01","2023-02-28","340.08","20.00","68.02","408.10","approved","2023-03-04"
"SBI-GUA-202301-0183","REFINE SECURITY SERVICES LTD","2023-01-22","2023-01-31","608.87","20.00","121.77","730.64","paid","2023-02-06"
"SBI-GUA-202301-0182","REFINE SECURITY SERVICES LTD","2023-01-15","2023-01-21","804.89","20.00","160.98","965.87","paid","2023-01-24"
"SBI-GUA-202301-0181","REFINE SECURITY SERVICES LTD","2023-01-08","2023-01-14","270.26","20.00","54.05","324.31","paid","2023-01-19"
"SBI-GUA-202301-0141","CAPITAL PROTECTIONS LTD","2023-01-01","2023-01-31","3262.46","20.00","652.49","3914.95","approved","2023-02-07"
"SBI-GUA-202301-0142","ALLIANCE FACILITIES MANAGEMENT LIMITED","2023-01-01","2023-01-31","21870.09","20.00","4374.02","26244.11","approved","2023-02-06"
"SBI-GUA-202301-0143","FIRST4FREELANCERS LIMITED","2023-01-01","2023-01-31","17284.68","20.00","3456.94","20741.62","approved","2023-02-05"
"SBI-GUA-202301-0144","SECURE FIRST FM LTD","2023-01-01","2023-01-31","7577.46","20.00","1515.49","9092.95","approved","2023-02-05"
"SBI-GUA-202301-0145","RKFM LTD","2023-01-01","2023-01-31","11706.96","20.00","2341.39","14048.35","approved","2023-02-03"
"SBI-GUA-202301-0146","XTREME PROFESSIONAL CLEANING LTD","2023-01-01","2023-01-31","50412.89","20.00","10082.58","60495.47","approved","2023-02-06"
"SBI-GUA-202301-0147","SECURITY ZONE MIDLANDS LIMITED","2023-01-01","2023-01-31","11918.75","20.00","2383.75","14302.50","approved","2023-02-04"
"SBI-GUA-202301-0148","FIRST ALLIED FACILITIES LTD","2023-01-01","2023-01-31","2717.10","20.00","543.42","3260.52","approved","2023-02-06"
"SBI-GUA-202301-0149","FIRST CHOICE FM LTD","2023-01-01","2023-01-31","9793.20","20.00","1958.64","11751.84","approved","2023-02-07"
"SBI-GUA-202301-0150","IMPAX SECURITY SERVICES LTD","2023-01-01","2023-01-31","996.38","20.00","199.28","1195.66","approved","2023-02-07"
"SBI-GUA-202301-0151","AAGUARD LTD","2023-01-01","2023-01-31","4305.00","20.00","861.00","5166.00","approved","2023-02-07"
"SBI-GUA-202301-0152","RIA SECURITY LTD","2023-01-01","2023-01-31","288.00","20.00","57.60","345.60","approved","2023-02-07"
"SBI-GUA-202301-0180","REFINE SECURITY SERVICES LTD","2023-01-01","2023-01-07","534.48","20.00","106.90","641.38","paid","2023-01-10"
"SBI-GUA-202212-0126","ALLIANCE FACILITIES MANAGEMENT LIMITED","2022-12-01","2022-12-31","21292.48","20.00","4258.50","25550.98","approved","2023-01-05"
"SBI-GUA-202212-0127","XTREME PROFESSIONAL CLEANING LTD","2022-12-01","2022-12-31","12474.00","20.00","2494.80","14968.80","approved","2023-01-06"
"SBI-GUA-202212-0128","RKFM LTD","2022-12-01","2022-12-31","15553.68","20.00","3110.74","18664.42","approved","2023-01-07"
"SBI-GUA-202212-0129","IMPAX SECURITY SERVICES LTD","2022-12-01","2022-12-31","10782.72","20.00","2156.54","12939.26","approved","2023-01-07"
"SBI-GUA-202212-0130","SECURE FIRST FM LTD","2022-12-01","2022-12-31","12957.23","20.00","2591.45","15548.68","approved","2023-01-07"
"SBI-GUA-202212-0131","FIRST4FREELANCERS LIMITED","2022-12-01","2022-12-31","16706.04","20.00","3341.21","20047.25","approved","2023-01-06"
"SBI-GUA-202212-0132","FIRST ALLIED FACILITIES LTD","2022-12-01","2022-12-31","2302.10","20.00","460.42","2762.52","approved","2023-01-07"
"SBI-GUA-202212-0133","AAGUARD LTD","2022-12-01","2022-12-31","4110.75","20.00","822.15","4932.90","approved","2023-01-03"
"SBI-GUA-202212-0134","DPM SECURITY MANAGEMENT LTD","2022-12-01","2022-12-31","20000.03","20.00","4000.01","24000.04","approved","2023-01-05"
"SBI-GUA-202212-0135","FIRST CHOICE FM LTD","2022-12-01","2022-12-31","2478.00","20.00","495.60","2973.60","approved","2023-01-05"
"SBI-GUA-202212-0136","DELTA FORCE GROUP LTD","2022-12-01","2022-12-31","9456.90","20.00","1891.38","11348.28","approved","2023-01-06"
"SBI-GUA-202212-0137","SECURITY ZONE MIDLANDS LIMITED","2022-12-01","2022-12-31","14014.50","20.00","2802.90","16817.40","approved","2023-01-04"
"SBI-GUA-202212-0138","MAN GUARD SECURITY SERVICES LTD","2022-12-01","2022-12-31","949.92","20.00","189.98","1139.90","approved","2023-01-07"
"SBI-GUA-202212-0139","RIA SECURITY LTD","2022-12-01","2022-12-31","144.00","20.00","28.80","172.80","approved","2023-01-04"
"SBI-GUA-202212-0140","CAPITAL PROTECTIONS LTD","2022-12-01","2022-12-31","676.31","20.00","135.26","811.57","approved","2023-01-07"
"SBI-GUA-202211-0116","SECURITY ZONE MIDLANDS LIMITED","2022-11-01","2022-11-30","11583.50","20.00","2316.70","13900.20","approved","2022-12-06"
"SBI-GUA-202211-0117","ALLIANCE FACILITIES MANAGEMENT LIMITED","2022-11-01","2022-11-30","21744.25","20.00","4348.85","26093.10","approved","2022-12-03"
"SBI-GUA-202211-0118","XTREME PROFESSIONAL CLEANING LTD","2022-11-01","2022-11-30","17742.89","20.00","3548.58","21291.47","approved","2022-12-07"
"SBI-GUA-202211-0119","IMPAX SECURITY SERVICES LTD","2022-11-01","2022-11-30","7032.00","20.00","1406.40","8438.40","approved","2022-12-06"
"SBI-GUA-202211-0120","FIRST4FREELANCERS LIMITED","2022-11-01","2022-11-30","9353.40","20.00","1870.68","11224.08","approved","2022-12-04"
"SBI-GUA-202211-0121","RKFM LTD","2022-11-01","2022-11-30","35679.24","20.00","7135.85","42815.09","approved","2022-12-04"
"SBI-GUA-202211-0122","SECURE FIRST FM LTD","2022-11-01","2022-11-30","14673.01","20.00","2934.60","17607.61","approved","2022-12-04"
"SBI-GUA-202211-0123","FIRST ALLIED FACILITIES LTD","2022-11-01","2022-11-30","2454.10","20.00","490.82","2944.92","approved","2022-12-05"
"SBI-GUA-202211-0124","AAGUARD LTD","2022-11-01","2022-11-30","8157.03","20.00","1631.41","9788.44","approved","2022-12-03"
"SBI-GUA-202211-0125","FIRST CHOICE FM LTD","2022-11-01","2022-11-30","1969.92","20.00","393.98","2363.90","approved","2022-12-04"
"SBI-GUA-202210-0105","IMPAX SECURITY SERVICES LTD","2022-10-01","2022-10-31","5190.72","20.00","1038.14","6228.86","approved","2022-11-04"
"SBI-GUA-202210-0106","XTREME PROFESSIONAL CLEANING LTD","2022-10-01","2022-10-31","10889.89","20.00","2177.98","13067.87","approved","2022-11-06"
"SBI-GUA-202210-0107","SECURE FIRST FM LTD","2022-10-01","2022-10-31","17210.05","20.00","3442.01","20652.06","approved","2022-11-04"
"SBI-GUA-202210-0108","RKFM LTD","2022-10-01","2022-10-31","24060.84","20.00","4812.17","28873.01","approved","2022-11-03"
"SBI-GUA-202210-0109","ALLIANCE FACILITIES MANAGEMENT LIMITED","2022-10-01","2022-10-31","10181.16","20.00","2036.23","12217.39","approved","2022-11-06"
"SBI-GUA-202210-0110","FIRST4FREELANCERS LIMITED","2022-10-01","2022-10-31","13408.20","20.00","2681.64","16089.84","approved","2022-11-04"
"SBI-GUA-202210-0111","FIRST ALLIED FACILITIES LTD","2022-10-01","2022-10-31","2454.10","20.00","490.82","2944.92","approved","2022-11-07"
"SBI-GUA-202210-0112","SECURITY ZONE MIDLANDS LIMITED","2022-10-01","2022-10-31","15131.38","20.00","3026.28","18157.66","approved","2022-11-04"
"SBI-GUA-202210-0113","AAGUARD LTD","2022-10-01","2022-10-31","5419.16","20.00","1083.83","6502.99","approved","2022-11-04"
"SBI-GUA-202210-0114","UK FORCE SERVICES LIMITED","2022-10-01","2022-10-31","1166.60","20.00","233.32","1399.92","approved","2022-11-03"
"SBI-GUA-202210-0115","RED APPLE BRANDING AND MARKETING CONSULTANCY LTD","2022-10-01","2022-10-31","675.88","20.00","135.17","811.05","paid","2022-11-04"
"SBI-GUA-202209-0094","DELTA FORCE GROUP LTD","2022-09-01","2022-09-30","35955.75","20.00","7191.15","43146.90","approved","2022-10-03"
"SBI-GUA-202209-0095","IMPAX SECURITY SERVICES LTD","2022-09-01","2022-09-30","10476.00","20.00","2095.20","12571.20","approved","2022-10-06"
"SBI-GUA-202209-0096","XTREME PROFESSIONAL CLEANING LTD","2022-09-01","2022-09-30","70828.89","20.00","14165.78","84994.67","approved","2022-10-07"
"SBI-GUA-202209-0097","AAGUARD LTD","2022-09-01","2022-09-30","4483.50","20.00","896.70","5380.20","approved","2022-10-07"
"SBI-GUA-202209-0098","RKFM LTD","2022-09-01","2022-09-30","9808.56","20.00","1961.71","11770.27","approved","2022-10-06"
"SBI-GUA-202209-0099","SECURE FIRST FM LTD","2022-09-01","2022-09-30","16171.98","20.00","3234.40","19406.38","approved","2022-10-07"
"SBI-GUA-202209-0100","FIRST4FREELANCERS LIMITED","2022-09-01","2022-09-30","12487.92","20.00","2497.58","14985.50","paid","2022-10-05"
"SBI-GUA-202209-0101","ALLIANCE FACILITIES MANAGEMENT LIMITED","2022-09-01","2022-09-30","9405.00","20.00","1881.00","11286.00","approved","2022-10-04"
"SBI-GUA-202209-0102","SECURITY ZONE MIDLANDS LIMITED","2022-09-01","2022-09-30","20209.38","20.00","4041.88","24251.26","approved","2022-10-07"
"SBI-GUA-202209-0103","FIRST ALLIED FACILITIES LTD","2022-09-01","2022-09-30","2325.00","20.00","465.00","2790.00","approved","2022-10-04"
"SBI-GUA-202209-0104","UK FORCE SERVICES LIMITED","2022-09-01","2022-09-30","290.00","20.00","58.00","348.00","approved","2022-10-07"
"SBI-GUA-202208-0084","SECURITY ZONE MIDLANDS LIMITED","2022-08-01","2022-08-31","47545.38","20.00","9509.08","57054.46","approved","2022-09-05"
"SBI-GUA-202208-0085","ALLIANCE FACILITIES MANAGEMENT LIMITED","2022-08-01","2022-08-31","8634.01","20.00","1726.80","10360.81","approved","2022-09-06"
"SBI-GUA-202208-0086","FIRST4FREELANCERS LIMITED","2022-08-01","2022-08-31","38377.92","20.00","7675.58","46053.50","paid","2022-09-03"
"SBI-GUA-202208-0087","RED APPLE BRANDING AND MARKETING CONSULTANCY LTD","2022-08-01","2022-08-31","791.67","20.00","158.33","950.00","paid","2022-09-06"
"SBI-GUA-202208-0088","RKFM LTD","2022-08-01","2022-08-31","8772.96","20.00","1754.59","10527.55","approved","2022-09-07"
"SBI-GUA-202208-0089","SECURE FIRST FM LTD","2022-08-01","2022-08-31","12525.26","20.00","2505.05","15030.31","approved","2022-09-04"
"SBI-GUA-202208-0090","FIRST ALLIED FACILITIES LTD","2022-08-01","2022-08-31","4380.00","20.00","876.00","5256.00","approved","2022-09-05"
"SBI-GUA-202208-0091","IMPAX SECURITY SERVICES LTD","2022-08-01","2022-08-31","17562.72","20.00","3512.54","21075.26","approved","2022-09-03"
"SBI-GUA-202208-0092","XTREME PROFESSIONAL CLEANING LTD","2022-08-01","2022-08-31","4169.00","20.00","833.80","5002.80","approved","2022-09-03"
"SBI-GUA-202208-0093","UK FORCE SERVICES LIMITED","2022-08-01","2022-08-31","70.00","20.00","14.00","84.00","approved","2022-09-04"
"SBI-GUA-202207-0077","SECURITY ZONE MIDLANDS LIMITED","2022-07-01","2022-07-31","29837.63","20.00","5967.53","35805.16","approved","2022-08-05"
"SBI-GUA-202207-0078","RKFM LTD","2022-07-01","2022-07-31","5937.72","20.00","1187.54","7125.26","approved","2022-08-05"
"SBI-GUA-202207-0079","SECURE FIRST FM LTD","2022-07-01","2022-07-31","8972.70","20.00","1794.54","10767.24","approved","2022-08-07"
"SBI-GUA-202207-0080","FIRST4FREELANCERS LIMITED","2022-07-01","2022-07-31","35093.28","20.00","7018.66","42111.94","paid","2022-08-06"
"SBI-GUA-202207-0081","XTREME PROFESSIONAL CLEANING LTD","2022-07-01","2022-07-31","4080.89","20.00","816.18","4897.07","approved","2022-08-04"
"SBI-GUA-202207-0082","ALLIANCE FACILITIES MANAGEMENT LIMITED","2022-07-01","2022-07-31","4344.01","20.00","868.80","5212.81","approved","2022-08-07"
"SBI-GUA-202207-0083","UK FORCE SERVICES LIMITED","2022-07-01","2022-07-31","630.00","20.00","126.00","756.00","approved","2022-08-06"
"SBI-GUA-202206-0071","FIRST4FREELANCERS LIMITED","2022-06-01","2022-06-30","45270.12","20.00","9054.02","54324.14","paid","2022-07-07"
"SBI-GUA-202206-0072","RKFM LTD","2022-06-01","2022-06-30","9999.84","20.00","1999.97","11999.81","approved","2022-07-07"
"SBI-GUA-202206-0073","SECURE FIRST FM LTD","2022-06-01","2022-06-30","12864.83","20.00","2572.97","15437.80","approved","2022-07-06"
"SBI-GUA-202206-0074","ALLIANCE FACILITIES MANAGEMENT LIMITED","2022-06-01","2022-06-30","12881.00","20.00","2576.20","15457.20","approved","2022-07-05"
"SBI-GUA-202206-0075","UK FORCE SERVICES LIMITED","2022-06-01","2022-06-30","5833.30","20.00","1166.66","6999.96","approved","2022-07-05"
"SBI-GUA-202206-0076","SECURITY ZONE MIDLANDS LIMITED","2022-06-01","2022-06-30","10461.63","20.00","2092.33","12553.96","approved","2022-07-03"
"SBI-GUA-202205-0066","FIRST4FREELANCERS LIMITED","2022-05-01","2022-05-31","51976.68","20.00","10395.34","62372.02","paid","2022-06-04"
"SBI-GUA-202205-0067","SECURE FIRST FM LTD","2022-05-01","2022-05-31","11445.72","20.00","2289.14","13734.86","approved","2022-06-06"
"SBI-GUA-202205-0068","RKFM LTD","2022-05-01","2022-05-31","4166.67","20.00","833.33","5000.00","approved","2022-06-05"
"SBI-GUA-202205-0069","SECURITY ZONE MIDLANDS LIMITED","2022-05-01","2022-05-31","13995.38","20.00","2799.08","16794.46","approved","2022-06-05"
"SBI-GUA-202205-0070","DELTA FORCE GROUP LTD","2022-05-01","2022-05-31","16666.65","20.00","3333.33","19999.98","approved","2022-06-04"
"SBI-GUA-202204-0058","FIRST4FREELANCERS LIMITED","2022-04-01","2022-04-30","56678.40","20.00","11335.68","68014.08","paid","2022-05-04"
"SBI-GUA-202204-0059","SILICON MANAGEMENT CONSULTANTS LTD","2022-04-01","2022-04-30","7921.22","20.00","1584.24","9505.46","approved","2022-05-03"
"SBI-GUA-202204-0060","RKFM LTD","2022-04-01","2022-04-30","9999.94","20.00","1999.99","11999.93","approved","2022-05-05"
"SBI-GUA-202204-0061","SECURE FIRST FM LTD","2022-04-01","2022-04-30","11391.05","20.00","2278.21","13669.26","approved","2022-05-05"
"SBI-GUA-202204-0062","SECURITY ZONE MIDLANDS LIMITED","2022-04-01","2022-04-30","13861.38","20.00","2772.28","16633.66","approved","2022-05-06"
"SBI-GUA-202204-0063","ALLIANCE FACILITIES MANAGEMENT LIMITED","2022-04-01","2022-04-30","NaN","20.00","NaN","NaN","approved","2022-05-05"
"SBI-GUA-202204-0064","DELTA FORCE GROUP LTD","2022-04-01","2022-04-30","10924.95","20.00","2184.99","13109.94","approved","2022-05-04"
"SBI-GUA-202204-0065","ZAIN SECURITY SERVICES LTD","2022-04-01","2022-04-30","137.50","0.00","0.00","137.50","approved","2022-05-07"
"SBI-GUA-202203-0050","SILICON MANAGEMENT CONSULTANTS LTD","2022-03-01","2022-03-31","3632.52","20.00","726.50","4359.02","approved","2022-04-05"
"SBI-GUA-202203-0051","FIRST4FREELANCERS LIMITED","2022-03-01","2022-03-31","81376.41","20.00","16275.28","97651.69","paid","2022-04-04"
"SBI-GUA-202203-0052","SECURE FIRST FM LTD","2022-03-01","2022-03-31","7803.18","20.00","1560.64","9363.82","approved","2022-04-03"
"SBI-GUA-202203-0053","ALLIANCE FACILITIES MANAGEMENT LIMITED","2022-03-01","2022-03-31","2422.53","20.00","484.51","2907.04","approved","2022-04-05"
"SBI-GUA-202203-0054","RKFM LTD","2022-03-01","2022-03-31","9999.94","20.00","1999.99","11999.93","approved","2022-04-07"
"SBI-GUA-202203-0055","SECURITY ZONE MIDLANDS LIMITED","2022-03-01","2022-03-31","21789.75","20.00","4357.95","26147.70","approved","2022-04-06"
"SBI-GUA-202203-0056","RED APPLE BRANDING AND MARKETING CONSULTANCY LTD","2022-03-01","2022-03-31","1500.47","20.00","300.09","1800.56","paid","2022-04-04"
"SBI-GUA-202203-0057","PEACE UK SECURITY LTD","2022-03-01","2022-03-31","137.50","0.00","0.00","137.50","approved","2022-04-03"
"SBI-GUA-202202-0043","FIRST4FREELANCERS LIMITED","2022-02-01","2022-02-28","128989.86","20.00","25797.97","154787.83","paid","2022-03-03"
"SBI-GUA-202202-0044","SILICON MANAGEMENT CONSULTANTS LTD","2022-02-01","2022-02-28","16936.63","20.00","3387.33","20323.96","approved","2022-03-05"
"SBI-GUA-202202-0045","SECURE FIRST FM LTD","2022-02-01","2022-02-28","4499.88","20.00","899.98","5399.86","approved","2022-03-05"
"SBI-GUA-202202-0046","RKFM LTD","2022-02-01","2022-02-28","10231.67","20.00","2046.33","12278.00","approved","2022-03-05"
"SBI-GUA-202202-0047","SECURITY ZONE MIDLANDS LIMITED","2022-02-01","2022-02-28","15510.38","20.00","3102.08","18612.46","approved","2022-03-05"
"SBI-GUA-202202-0048","A2Z SECURITY SERVICES LTD.","2022-02-01","2022-02-28","1285.83","20.00","257.17","1543.00","approved","2022-03-07"
"SBI-GUA-202202-0049","UK FORCE SERVICES LIMITED","2022-02-01","2022-02-28","1243.90","20.00","248.78","1492.68","approved","2022-03-04"
"SBI-GUA-202201-0039","SILICON MANAGEMENT CONSULTANTS LTD","2022-01-01","2022-01-31","16928.01","20.00","3385.60","20313.61","approved","2022-02-06"
"SBI-GUA-202201-0040","RED APPLE BRANDING AND MARKETING CONSULTANCY LTD","2022-01-01","2022-01-31","225735.46","20.00","45147.09","270882.55","paid","2022-02-04"
"SBI-GUA-202201-0041","RKFM LTD","2022-01-01","2022-01-31","8999.67","20.00","1799.93","10799.60","approved","2022-02-07"
"SBI-GUA-202201-0042","UK FORCE SERVICES LIMITED","2022-01-01","2022-01-31","803.90","20.00","160.78","964.68","approved","2022-02-07"
"SBI-GUA-202112-0035","SILICON MANAGEMENT CONSULTANTS LTD","2021-12-01","2021-12-31","12644.25","20.00","2528.85","15173.10","approved","2022-01-07"
"SBI-GUA-202112-0036","RED APPLE BRANDING AND MARKETING CONSULTANCY LTD","2021-12-01","2021-12-31","334313.41","20.00","66862.68","401176.09","paid","2022-01-05"
"SBI-GUA-202112-0037","FIRST4FREELANCERS LIMITED","2021-12-01","2021-12-31","50927.17","20.00","10185.43","61112.60","paid","2022-01-05"
"SBI-GUA-202112-0038","UK FORCE SERVICES LIMITED","2021-12-01","2021-12-31","1678.00","20.00","335.60","2013.60","approved","2022-01-07"
"SBI-GUA-202111-0031","FIRST4FREELANCERS LIMITED","2021-11-01","2021-11-30","130412.18","20.00","26082.44","156494.62","paid","2021-12-05"
"SBI-GUA-202111-0032","SILICON MANAGEMENT CONSULTANTS LTD","2021-11-01","2021-11-30","27582.54","20.00","5516.51","33099.05","approved","2021-12-03"
"SBI-GUA-202111-0033","RED APPLE BRANDING AND MARKETING CONSULTANCY LTD","2021-11-01","2021-11-30","421665.08","20.00","84333.01","505998.09","paid","2021-12-07"
"SBI-GUA-202111-0034","UK FORCE SERVICES LIMITED","2021-11-01","2021-11-30","4974.10","20.00","994.82","5968.92","approved","2021-12-04"
"SBI-GUA-202110-0027","RED APPLE BRANDING AND MARKETING CONSULTANCY LTD","2021-10-01","2021-10-31","413794.36","20.00","82758.87","496553.23","paid","2021-11-04"
"SBI-GUA-202110-0028","SILICON MANAGEMENT CONSULTANTS LTD","2021-10-01","2021-10-31","30417.52","20.00","6083.50","36501.02","approved","2021-11-03"
"SBI-GUA-202110-0029","FIRST4FREELANCERS LIMITED","2021-10-01","2021-10-31","101042.91","20.00","20208.58","121251.49","paid","2021-11-03"
"SBI-GUA-202110-0030","UK FORCE SERVICES LIMITED","2021-10-01","2021-10-31","2007.10","20.00","401.42","2408.52","approved","2021-11-05"
"SBI-GUA-202109-0023","RED APPLE BRANDING AND MARKETING CONSULTANCY LTD","2021-09-01","2021-09-30","614130.33","20.00","122826.07","736956.40","paid","2021-10-05"
"SBI-GUA-202109-0024","SILICON MANAGEMENT CONSULTANTS LTD","2021-09-01","2021-09-30","1000.12","20.00","200.02","1200.14","paid","2021-10-03"
"SBI-GUA-202109-0025","FIRST4FREELANCERS LIMITED","2021-09-01","2021-09-30","106274.72","20.00","21254.94","127529.66","paid","2021-10-06"
"SBI-GUA-202109-0026","UK FORCE SERVICES LIMITED","2021-09-01","2021-09-30","18333.20","20.00","3666.64","21999.84","approved","2021-10-05"
"SBI-GUA-202108-0019","RED APPLE BRANDING AND MARKETING CONSULTANCY LTD","2021-08-01","2021-08-31","614876.45","20.00","122975.29","737851.74","paid","2021-09-03"
"SBI-GUA-202108-0020","FIRST4FREELANCERS LIMITED","2021-08-01","2021-08-31","93883.36","20.00","18776.67","112660.03","paid","2021-09-07"
"SBI-GUA-202108-0021","SILICON MANAGEMENT CONSULTANTS LTD","2021-08-01","2021-08-31","12505.68","20.00","2501.14","15006.82","paid","2021-09-04"
"SBI-GUA-202108-0022","UK FORCE SERVICES LIMITED","2021-08-01","2021-08-31","19000.00","20.00","3800.00","22800.00","approved","2021-09-04"
"SBI-GUA-202107-0015","RED APPLE BRANDING AND MARKETING CONSULTANCY LTD","2021-07-01","2021-07-31","594528.42","20.00","118905.69","713434.11","paid","2021-08-06"
"SBI-GUA-202107-0016","FIRST4FREELANCERS LIMITED","2021-07-01","2021-07-31","72381.76","20.00","14476.35","86858.11","paid","2021-08-03"
"SBI-GUA-202107-0017","SILICON MANAGEMENT CONSULTANTS LTD","2021-07-01","2021-07-31","10417.33","20.00","2083.47","12500.80","paid","2021-08-06"
"SBI-GUA-202107-0018","UK FORCE SERVICES LIMITED","2021-07-01","2021-07-31","17999.90","20.00","3599.98","21599.88","paid","2021-08-06"
"SBI-GUA-202106-0009","SDN SECURITY SOLUTIONS LTD","2021-06-01","2021-06-30","33981.88","0.00","0.00","33981.88","paid","2021-07-03"
"SBI-GUA-202106-0010","RED APPLE BRANDING AND MARKETING CONSULTANCY LTD","2021-06-01","2021-06-30","41306.21","20.00","8261.24","49567.45","paid","2021-07-03"
"SBI-GUA-202106-0011","SILICON MANAGEMENT CONSULTANTS LTD","2021-06-01","2021-06-30","243503.48","20.00","48700.70","292204.18","paid","2021-07-07"
"SBI-GUA-202106-0012","FIRST4FREELANCERS LIMITED","2021-06-01","2021-06-30","56378.39","20.00","11275.68","67654.07","paid","2021-07-06"
"SBI-GUA-202106-0013","UK FORCE SERVICES LIMITED","2021-06-01","2021-06-30","33333.30","20.00","6666.66","39999.96","paid","2021-07-03"
"SBI-GUA-202106-0014","DELTA FORCE GROUP LTD","2021-06-01","2021-06-30","19559.38","20.00","3911.88","23471.26","paid","2021-07-04"
"SBI-GUA-202105-0005","RED APPLE BRANDING AND MARKETING CONSULTANCY LTD","2021-05-01","2021-05-31","51733.96","20.00","10346.79","62080.75","paid","2021-06-05"
"SBI-GUA-202105-0006","SILICON MANAGEMENT CONSULTANTS LTD","2021-05-01","2021-05-31","365959.88","20.00","73191.98","439151.86","paid","2021-06-06"
"SBI-GUA-202105-0007","UK FORCE SERVICES LIMITED","2021-05-01","2021-05-31","23860.30","20.00","4772.06","28632.36","paid","2021-06-06"
"SBI-GUA-202105-0008","FIRST4FREELANCERS LIMITED","2021-05-01","2021-05-31","72222.40","20.00","14444.48","86666.88","paid","2021-06-04"
"SBI-GUA-202104-0003","SILICON MANAGEMENT CONSULTANTS LTD","2021-04-01","2021-04-30","60110.38","20.00","12022.08","72132.46","paid","2021-05-05"
"SBI-GUA-202104-0004","RED APPLE BRANDING AND MARKETING CONSULTANCY LTD","2021-04-01","2021-04-30","17090.67","20.00","3418.13","20508.80","paid","2021-05-07"
"SBI-GUA-202103-0001","RED APPLE BRANDING AND MARKETING CONSULTANCY LTD","2021-03-01","2021-03-31","5215.42","20.00","1043.08","6258.50","paid","2021-04-04"
"SBI-GUA-202103-0002","SILICON MANAGEMENT CONSULTANTS LTD","2021-03-01","2021-03-31","96030.00","20.00","19206.00","115236.00","paid","2021-04-06"