invoice_number,supplier,work_month,shifts,total_hours,hourly_rate,vat_rate,subtotal,vat_amount,total_amount,issue_date,days_after_period_end
SBI-GUA-202304-0606,AAGUARD LTD,2023-04,32,324.89,11.00,20.00,3573.79,714.76,4288.55,2023-05-04,4
SBI-GUA-202304-0616,ALLIANCE FACILITIES MANAGEMENT LIMITED,2023-04,233,2606.23,11.50,20.00,29971.66,5994.34,35966.00,2023-05-02,2
SBI-GUA-202304-0613,CAPITAL PROTECTIONS LTD,2023-04,24,295.01,11.00,20.00,3245.11,649.02,3894.13,2023-05-04,4
SBI-GUA-202304-0618,COMPLIANCE SECURITY SERVICES LTD,2023-04,23,262.06,11.00,20.00,2882.66,576.53,3459.19,2023-05-01,1
SBI-GUA-202304-0619,FAB 4 Security,2023-04,2,20.00,11.02,20.00,220.40,44.08,264.48,2023-05-03,3
SBI-GUA-202304-0611,FIRST CHOICE FM LTD,2023-04,15,128.48,12.50,20.00,1606.00,321.20,1927.20,2023-05-01,1
SBI-GUA-202304-0607,FIRST4FREELANCERS LIMITED,2023-04,343,3806.77,12.50,20.00,47584.78,9517.08,57101.86,2023-05-01,1
SBI-GUA-202304-0614,MOXIE SECURITY LTD,2023-04,20,200.78,12.50,20.00,2509.75,501.95,3011.70,2023-05-05,5
SBI-NV-202304-0207,PEACE UK SECURITY LTD,2023-04,33,390.08,12.50,0.00,4876.00,0.00,4876.00,2023-05-05,5
SBI-GUA-202304-0620,PPE Security,2023-04,120,1316.77,14.00,20.00,18434.78,3686.96,22121.74,2023-05-01,1
SBI-NV-202304-0208,PROSEC SOLUTIONS LTD,2023-04,9,112.61,12.50,0.00,1407.63,0.00,1407.63,2023-05-02,2
SBI-NV-202304-0209,Prisma Securities,2023-04,7,81.26,12.50,0.00,1015.75,0.00,1015.75,2023-05-02,2
SBI-GUA-202304-0617,RADLEIGH SECURITY & FM LIMITED,2023-04,96,1107.46,11.50,20.00,12735.80,2547.17,15282.97,2023-05-01,1
SBI-GUA-202304-0615,REFINE SECURITY SERVICES LTD,2023-04,46,517.10,12.00,20.00,6205.20,1241.04,7446.24,2023-05-03,3
SBI-GUA-202304-0610,RIA SECURITY LTD,2023-04,18,228.56,12.50,20.00,2857.00,571.40,3428.40,2023-05-02,2
SBI-GUA-202304-0612,RKFM LTD,2023-04,20,238.16,12.00,20.00,2857.92,571.58,3429.50,2023-05-04,4
SBI-GUA-202304-0609,SECURE FIRST FM LTD,2023-04,31,297.83,12.00,20.00,3573.96,714.79,4288.75,2023-05-01,1
SBI-GUA-202304-0608,SECURITY ZONE MIDLANDS LIMITED,2023-04,113,1380.66,12.50,20.00,17258.25,3451.65,20709.90,2023-05-05,5
SBI-GUA-202305-0621,ALLIANCE FACILITIES MANAGEMENT LIMITED,2023-05,11,143.00,11.50,20.00,1644.50,328.90,1973.40,2023-06-05,5
SBI-GUA-202305-0622,RADLEIGH SECURITY & FM LIMITED,2023-05,1,7.43,11.50,20.00,85.45,17.09,102.54,2023-06-03,3
SBI-GUA-202306-0623,ALLIANCE FACILITIES MANAGEMENT LIMITED,2023-06,1,13.00,11.50,20.00,149.50,29.90,179.40,2023-07-04,4
SBI-GUA-202306-0624,RADLEIGH SECURITY & FM LIMITED,2023-06,1,6.20,11.50,20.00,71.30,14.26,85.56,2023-07-01,1
SBI-GUA-202309-0625,XTREME PROFESSIONAL CLEANING LTD,2023-09,1,12.00,11.75,20.00,141.00,28.20,169.20,2023-10-01,1
SBI-GUA-202310-0626,A2Z SECURITY SERVICES LTD.,2023-10,1,6.76,12.00,20.00,81.12,16.22,97.34,2023-11-03,3
SBI-GUA-202312-0627,A2Z SECURITY SERVICES LTD.,2023-12,11,119.93,12.00,20.00,1439.16,287.83,1726.99,2024-01-02,2
SBI-GUA-202312-0631,ALLIANCE FACILITIES MANAGEMENT LIMITED,2023-12,9,106.00,11.50,20.00,1219.00,243.80,1462.80,2024-01-01,1
SBI-GUA-202312-0633,FAB 4 Security,2023-12,3,30.88,11.02,20.00,340.30,68.05,408.35,2024-01-03,3
SBI-GUA-202312-0632,RADLEIGH SECURITY & FM LIMITED,2023-12,5,50.00,11.50,20.00,575.00,115.00,690.00,2024-01-02,2
SBI-GUA-202312-0630,REFINE SECURITY SERVICES LTD,2023-12,2,24.00,12.00,20.00,288.00,57.60,345.60,2024-01-04,4
SBI-GUA-202312-0628,RKFM LTD,2023-12,2,20.66,12.00,20.00,247.92,49.58,297.50,2024-01-03,3
SBI-GUA-202312-0634,VITAL GUARDING FM LTD,2023-12,14,168.28,12.00,20.00,2019.36,403.87,2423.23,2024-01-03,3
SBI-GUA-202312-0629,XTREME PROFESSIONAL CLEANING LTD,2023-12,135,858.50,11.75,20.00,10087.40,2017.50,12104.90,2024-01-05,5
SBI-GUA-202401-0637,ALLIANCE FACILITIES MANAGEMENT LIMITED,2024-01,3,36.00,11.50,20.00,414.00,82.80,496.80,2024-02-02,2
SBI-GUA-202401-0639,FAB 4 Security,2024-01,5,41.06,11.02,20.00,452.48,90.49,542.97,2024-02-02,2
SBI-GUA-202401-0638,RADLEIGH SECURITY & FM LIMITED,2024-01,1,12.00,11.50,20.00,138.00,27.60,165.60,2024-02-03,3
SBI-GUA-202401-0636,REFINE SECURITY SERVICES LTD,2024-01,6,68.73,12.00,20.00,824.76,164.95,989.71,2024-02-02,2
SBI-GUA-202401-0635,XTREME PROFESSIONAL CLEANING LTD,2024-01,62,465.51,11.75,20.00,5469.74,1093.95,6563.69,2024-02-04,4
SBI-GUA-202402-0640,A2Z SECURITY SERVICES LTD.,2024-02,3,36.00,12.00,20.00,432.00,86.40,518.40,2024-03-04,4
SBI-GUA-202402-0644,ALLIANCE FACILITIES MANAGEMENT LIMITED,2024-02,2,24.00,11.50,20.00,276.00,55.20,331.20,2024-03-05,5
SBI-GUA-202402-0646,FAB 4 Security,2024-02,11,93.00,11.02,20.00,1024.86,204.95,1229.81,2024-03-03,3
SBI-GUA-202402-0645,RADLEIGH SECURITY & FM LIMITED,2024-02,2,24.00,11.50,20.00,276.00,55.20,331.20,2024-03-03,3
SBI-GUA-202402-0643,REFINE SECURITY SERVICES LTD,2024-02,2,24.00,12.00,20.00,288.00,57.60,345.60,2024-03-02,2
SBI-GUA-202402-0641,SECURITY ZONE MIDLANDS LIMITED,2024-02,3,36.00,12.50,20.00,450.00,90.00,540.00,2024-03-05,5
SBI-GUA-202402-0642,XTREME PROFESSIONAL CLEANING LTD,2024-02,99,607.00,11.75,20.00,7132.26,1426.46,8558.72,2024-03-03,3
SBI-GUA-202403-0650,FAB 4 Security,2024-03,1,12.00,11.02,20.00,132.24,26.45,158.69,2024-04-02,2
SBI-GUA-202403-0649,RADLEIGH SECURITY & FM LIMITED,2024-03,2,21.00,11.50,20.00,241.50,48.30,289.80,2024-04-05,5
SBI-GUA-202403-0647,SECURITY ZONE MIDLANDS LIMITED,2024-03,1,12.00,12.50,20.00,150.00,30.00,180.00,2024-04-01,1
SBI-GUA-202403-0651,VITAL GUARDING FM LTD,2024-03,3,28.50,12.00,20.00,342.00,68.40,410.40,2024-04-05,5
SBI-GUA-202403-0648,XTREME PROFESSIONAL CLEANING LTD,2024-03,69,425.50,11.75,20.00,4999.66,999.96,5999.62,2024-04-02,2
