LocationID,Location
1770,O2 Stirling Scotland FK8 2EA
1780,23 Friary Street Guildford GU1 4EH
1789,34 Broadway ParkSouth Gyle Edinburgh EH12 9JZ
1793,O2 Kinnaird Park Edinburgh EH15 3RD
1815,Barclays Cadarn Avenune Business Park Cardiff CF23 8FF
1835,Hitachi Rail Depot Swansea SA1 2EN
1837,HMLR Holland House Plymouth PL7 5ET
1838,HMLR Peterborough Stuart House PE1 1QF
1852,O2 Birmingham West Midlands B2 4RQ
1864,Royal Mail Peterborough Whitehead Drive Fengate Peterborough PE1 5XB
1866,HMLR Seaton Court PL6 5WS
1872,Royal Mail Solihull West Mids B91 3AA
1876,TSB 120 George Street Edinburgh EH2 4TS
1879,TSB Henry Duncan House EH2 4TS
1883,Virgin Money Discovery House Norwich Norfolk NR4 6EJ
1884,O2 Southampton Hampshire SO14 7EG
2007,Hobbycraft Bristol Imperial Bristol Imperial Park Unit 2C Bristol BS13 7TJ
2012,O2 KILMARNOCK Ayrshire Scotland KA1 1NP
2024,Odeon Uxbridge UB8 1GD
2031,Odeon Guildford GU1 4SJ
2041,02 DUDLEY Unit L30 Lower Level Intu Merry Hill DY5 1SY
2043,Hobbycraft Crawley RH11 7XN
2046,Unit 2 St Giles Centre 121 High Street ELGIN IV30 1EA
2058,EB EllisBriSW E20 1EN
2061,GR-Halton Court
2088,Baytree Centre Brentwood Essex CM14 4BX
2089,The Friary SC Guildford GU1 4YT
2093,GTR Brighton Depot East Sussex BN1 3XP
2094,S BrightonS
2101,S Gatwick Airport station South Terminal Gatwick Airport West Sussex RH6 0RD
2102,S GoAheadHouse
2110,73a Selhurst Rd London SE25 6AW
2111,S Selhurst ST
2186,O2 East Kilbride Glasgow G74 1LW
2193,Hobbycraft High Wycombe HP11 1FY
2202,Odeon Greenwich SE10 0QJ
2204,O2 DERBY DE1 2PG
2209,Homebase Basildon Mayflower Retail Park Gardiners Link SS16 4PR
2213,B Waterloo RD
2252,Odeon Orpington BR6 0TW
2257,"Homebse Horsham Broadbridge Heath Ret Pk, Broadbridge Heath RH12 3TQ"
2275,odeon surrey quays leisure park se16 7ll
2278,Pets at Home Havant 6 Solent Retail Park Solent Road PO9 1ND
2285,Unit 39 The Gyle Shopping Centre Edinburgh EH12 9JT
2286,Hobbycraft Bristol Causeway BS34 5TS
2298,Homebase Orpington BR5 3RP
2337,Hobbycraft Peterborough PE4 6ZR
2351,Wilko Walsall UNIT B QUASAR CENTRE TOWNSEND SQUARE WS1 1NG
2354,Odeon Manchester AMC M3 4EN
2363,BT Adastral Park Advance Comms Tech Centre Martlesham Heath Ipswich Suffolk IP5 3RE
2364,Hobbycraft Basildon SS14 1WP
2365,"Odeon Cardiff Hemingway Rd,Cardiff CF10 4JY"
2403,MULLER DIARY SEVENSIDE STONEHOUSE GL10 2DG
2421,Pets At Home Enfield 4A Crown Rd Enfield EN1 1AJ
2468,GTR East Croydon CR0 1LF
2469,Muller Severnside Gloucestershire GL10 2DG
2479,Odeon Brighton Kingswest West St Brighton BN1 2RE UK
2486,Homebase Staines Surrey TW18 3AP
2489,Pets at Home Aintree L9 5AN
2498,16/17 Princes Street Edinburgh EH2 2AN
2509,O2 Swindon SN1 1JY
2521,Lloyds TSB Exmouth EX8 1AG
2530,Fulham Broadway Retail Centre London SW6 1BW
2533,GR-Dagenham
2536,Muller Telford TF2 7GJ
2548,Homebase Hanworth Twickenham RdTwickenhamFeltham TW13 6EZ
2555,Marie Curie Hospice Solihull B91 2PQ
2559,Stewarts Lane Silverthorne Road London SW8 3EP Wandsworth 2
2574,O2 Poole 44 Falkland Square BH15 1ER
2587,Office Depot Leicester LE4 2BN
2590,O2-Kings Lynn 37 High Street KINGS LYNN PE30 3BJ
2602,TSB Perth St Johns Centre PH1 5UG
2604,Trinity Shopping Centre Leeds LS1 5AT
2605,The Orchards Shopping Centre TA1 3TP
2606,Pets at Home Basildon SS13 3BY
2609,101 Embankment Manchester M3 7FB
2610,BROADWAY SHOPPING CENTRE HAMMERSMITH W6 9YE
2657,One Portland Street Manchester M1 1RG
2664,"O2 Sheffield 59 High Street,Meadowhall,SHEFFIELD,South Yorkshire,S9 1EN"
2677,Collins Aerospace Chalker Way Banbury OX16 4XD
2680,Odeon Hatfield AL10 9TF
2690,Petroleum Experts Edinburgh EH7 4HG
2691,Emerson Green Bristol BS16 7AD
2703,O2 Nottingham NG1 3QN
2714,O2 Tyne And Wear NE11 9YR
2723,UTC Aerospace Wolverhampton WV10 7EH
2727,Barclays Northampton NN1 2HG
2743,GKN Aerospace Western ApproachAvonmouthBristol BS354GG
2749,The Friary Guildford Surrey GU1 4YT
2751,Mercedes F1 Reynard Brackley NN13 7BD
2763,Palace Gardens Shopping Centre EN2 6SN
2772,S Feltham Station SWR
2780,Safran Burnley BB10 2TQ
2782,UTC Overthorpe Rd Banbury OX16 4SX
2807,Tesco Welwyn Garden AL7 1TW
2817,Pets at Home Prescot L34 5NQ
2824,Homebase Brentford TW7 5QE
2830,"O2-BANBURY,Oxfordshire,OX16 5UW"
2885,GKN ATS LUTON BEDFORDSHIRE LU2 9PQ
2891,Resorts World Birmingham Pendigo Way Birmingham B40 1NT
2910,TSB Bournemouth BH1 1EW
2937,Muller Shrewsbury SY5 0BN
2938,Collins Aerospace The Radleys Birmingham B33 0HZ
2958,Hobbycraft Watford WD17 2SF
2962,Royal Mail Plymouth PL9 7XX
2964,O2 Teeside Middlesborough TS1 1TB
2975,25 Churchill Place Canary Wharf London E14 5EY
2992,O2 Grimsby Lincolnshire DN31 1QQ
3001,Goldsmiths Nottingham NG1 2EX
3006,Mappin and Webb Tunbridge Wells TN1 1UT
3008,Goldsmiths Liverpool L1 8BQ
3010,O2 35 Tavern StIpswich IP1 3AG
3016,Pets at Home Newcastle NE6 2UJ
3023,Ipswich Hospital Suffolk IP4 5PD
3024,O2 TAUNTON TA1 1JQ
3029,Goldsmiths Bristol BS1 3BH
3040,ATOS Crew Cheshire CW2 6EA
3042,Mappin and Webb Greenhithe DA9 9ST
3050,Castle Vale Retail Park Birmingham B35 6HB
3061,TSB Romsey Hampshire SO51 8YS
3064,intu Milton Keynes MK9 3GB
3066,Goldsmiths Oxford OX1 1PE
3068,Oxfam Oxford OX4 2JY
3073,Lincoln Train Station LN5 7EW
3075,Barbican Center Silk Street London EC2Y 8DS
3090,Hitachi North Pole Depot W10 6AU
3097,"Goldsmith Chelmsford 100 Bond street,Chelmsford,Essex CM1 1GH"
3105,Watches of Switzerland9 11 St Anns SquareManchester M2 7EF
3106,"Goldsmiths Highcross,Unit 114/115,Shires Ln,Leicester LE1 4FT"
3107,Mappin Webb 12 14 St Ann St Manchester M2 7LF
3108,EE HULL HU1 3LS
3109,Mappin and Webb CH1 1LF
3111,Pets at Home Baguley M23 9BL
3120,Wilko Thamesmead SE28 8RD
3167,S-Bedford CS
3168,S-Bedford Jowit
3182,EMR Nottingham Station NG2 3AQ
3197,Whitgift Shopping Centre Croydon Surrey CR0 1TY
3208,TSB Nottingham NG1 7DQ
3214,Watches of Switzerland Brighton East Sussex BN1 1EB
3226,The North Face London E20 1EN
3238,Barclays Edinburgh EH2 2AN
3242,Whitgift Shopping Centre CR0 1TY
3258,Port of Dover United Kingdom CT17 9BU
3274,KPMG Glasgow G2 5EA
3290,Mappin and Webb York YO1 9ND
3294,Goldsmith s Canterbury 11 Gravel Walk Canterbury CT1 2TF
3304,TSB Grimsby Victoria Street Grimsby DN31 1UU
3306,UTC Shirley Aerospace Systems Birmingham B90 4SS
3307,UTC Aerospace Systems B90 4SS
3310,O2 HANLEY Staffordshire ST1 1PS
3321,O2 GLASGOW Scotland G1 3HF
3326,TSB Ipswich Buttermarket Suffolk IP1 1BG
3334,O2 Winchester Hampshire SO23 9AH
3337,O2 55 Southgate Street BATH Bath And North East Somerset BA1 1TG
3352,TSB Birmingham B2 4NS
3357,Two Snowhill Birmingham Queensway B4 6WR
3367,O2 Eldon Square Newcastle NE1 7XS
3379,Royal Mail Cupar KY15 5AS
3398,MappinWebb CambridgeCB2 3NR
3405,TSB Southend on Sea SS1 1NT
3408,O2 Westfield LONDON W12 7GE
3416,Co op Ealing London W13 8RA
3418,O2 KIRKCALDY Scotland KY1 1NX
3436,TSB Newcastle upon Tyne NE1 7PR
3437,O2 OLDHAM Greater Manchester OL1 1HE
3466,Palace Exchange Shopping Centre 25 Hatton WalkEnfield EN2 6BP
3484,Barclays Camden London NW1 7PJ
3493,TOTAL Bitumen Preston Riverside PR2 2TZ
3494,Hobbycraft Greenford UB6 0UW
3498,Aldi Maidstone ME14 1XL
3540,Lloyds TSB Wrexham Clwyd LL11 1SP
3577,Royal Mail Whitechapel DO London E1 1AA
3584,Lloyds TSB Glasgow Scotland G2 5TU
3585,TSB South Shields Tyne.Wear NE33 1AN
3588,"Lloyds,TSB Sunderland Tyne,Wear SR1 1QZ"
3599,Roehampton University SW15 5PU GALAXON
3610,TSB South Stowmarket 7 Market Place Stowmarket IP14 1DY
3614,TSB Bank Leytonstone London E11 4QS
3618,Swansea Civil Justice Centre SA1 1SP
3619,Swansea Magistrates Courthouse SA1 5DB
3622,Lloyds TSB Greenford Middlesex UB6 8PJ
3625,Swansea Crown Court SA1 4PF
3629,TSB Newcastle upon Tyne NE4 9QA
3631,84 Highland Road Southsea PO4 9EZ
3632,COOP 22 The Hard Portsmouth PO1 3DT
3639,Northampton Magistrates Court NN1 3EB
3641,"Northampton Magistrates,Court NN1 3EB"
3643,TSB Eastwood Nottingham 80/82 Nottingham Road Eastwood Nottingham NG16 3NQ
3646,Nottingham Justice Centre NG2 1EE
3655,MOLD JUSTICE CENTRE Shirehall Flintshire CH7 1AE
3656,Port Talbot JC SA13 1SB
3657,O2 PETERBOROUGH Huntingdonshire PE1 1NS
3662,Eastney Rd SouthseaPortsmouth SouthseaPO4 8EA
3664,St Richards Hospital Chichester PO19 6SE
3667,TSB Oxford Oxfordshire OX1 2AB
3668,Worthing Hospital West Sussex BN11 2DH
3686,English Heritage Audley End House Saffron Walden CB11 4JF
3691,EE Preston Leyland Lancashire PR26 7UX
3694,BT Cambridge Trunks CB2 8HG
3697,EE Croydon Beddington CR0 4XH
3718,TSB Horsham RH12 1PT
3719,WILKO Cardiff St Davids Centre CF10 2AS
3721,Bournemouth Crown Court BH7 7DS
3725,Barclays Doxford Sunderland SR3 3XW
3734,TSB HANLEY Stoke on Trent ST1 1JY
3747,EE Greenwich London SE7 7SQ
3753,Merthyr Tydfil Combined Court Centre CF47 8BH
3765,Cheltenham Magistrates Court GL50 3PF
3771,"TSB-160 Main St,Rutherglen,Glasgow G73 2HT"
3777,B Pier 2 Handyside Street Kings Cross London N1C 4AY
3805,Pets at Home Luton LU1 3JH
3806,Newport Magistrates Court NP20 2GE
3807,Newport Crown Court NP20 4PR
3808,Newport Civil Court NP19 7AA
3809,Cardiff Magistrates Court CF24 0RZ
3810,Cardiff Crown Courts CF10 3PG
3811,Cardiff Civil Justice Centre South Glamorgan CF10 1ET
3812,Wrexham Law Courts Bodhyfryd LL12 7BP
3813,The Law Courts Mold Flintshire CH7 1AE
3814,Caernarfon justice centre Court LL55 2DF
3815,Llanelli Magistrates Court SA15 3AW
3843,Barclays Egham Surrey TW20 9EP
3846,Brighton Magistrates Court BN2 0LG
3849,Caterpillar Perkins Engines Peterborough PE1 5FQ
3850,Poole Magistrates Dorset BH15 2NS
3851,Hedonism Wines London W1K 4LT
3854,Bristol Crown Court BS1 1DA
3855,Reading Magistrates Court RG1 7TQ
3859,Gloucester Crown Court GL1 2TS
3869,Culver SC Colchester CO1 1JQ
3870,Lancer Square London W8 4EH
3871,Saint Agnes Place Kennington SE11 4BE
3872,Walsall County And Family Court Bridge Street Walsall WS1 1JQ
3875,"NORTHAMPTON CROWN COURT,85-87 LADY S LANE,NORTHAMPTON,NN1 3HQ"
3876,NORTHAMPTON BULK CENTRE NN1 2LH
3877,Aberystwyth Justice Centre SY23 1AS
3879,Kimberly Clark Limited Gravesend DA11 9AD
3882,Reading County Berkshire RG1 1HE
3884,Portsmouth Magistrates Hampshire PO1 2DQ
3885,Brighton Magistrates East Sussex BN2 0LG
3886,Reading County Court Berkshire RG1 1HE
3891,Reading Crown Court RG1 3EH
3892,Wilko Crawley West Sussex RH10 1DS
3898,TSB Willerby Hull Yorkshire HU10 6JP
3899,NORTHAMPTON CROWN COURT NN1 3HQ
3900,WORCESTER COMBINED COURT WR1 1EQ
3901,O2 Hampstead London NW3 1QE
3902,O2 Oxford London W1D 1LT
3905,Staines Magistrates Surrey TW18 1XH
3908,TSB Smethwick Warley West Midlands B66 4SF
3909,TSB Birmingham West Midlands B42 1TN
3918,O2 BERWICK UPON TWEED Northumberland TD15 1BA
3920,Merthyr Tydfil Mid Glamorgan CF47 8BU
3921,LLANDUDNO MAGISTRATES COURT GWYNEDD LL30 1GA
3928,Fremlin Walk Shopping Centre Maidstone Kent ME14 1PS
3932,GSK Ware Hertfordshire SG12 0DJ
3933,GSK Ware Herts SG12 0DP
3940,Winchester Crown Court SO23 9EL
3942,O2 Oxford Street Greater London W1C 2JF
3943,O2 BLUEWATER Greenhithe Kent DA9 9SR
3945,O2 Milton Keynes Buckinghamshire MK9 3AG
3948,O2 DERBY Derbyshire DE1 2PG
3950,Haverfordwest Court SA61 2AZ
3951,West Midlands Employment Tribunal Birmingham B5 4UU
3955,Salisbury Law Courts Wiltshire SP2 7EP
3956,Quartermile Estate Edinburgh EH3 9GQ
3957,O2 Newcastle Tyne And Wear NE1 7XS
3965,Ayr Central Shopping Centre KA7 1TP
3976,WOLVERHAMPTON MAGISTRATESTHE LAW COURTS NORTH STREETWV1 1RA
3977,"Wolverhampton Combined Court, Pipers Row,WV1 3LQ"
3978,Prestatyn Justice Court LL19 7TE
3979,Yeovil Magistrates Court Sommerset BA20 1SW
3980,"West Hampshire Magistrates Southampton,SO17 1EY"
3985,Basingstoke Magistrates Hampshire RG21 4AB
3998,Guildford Magistrates Surrey GU1 4PS
4000,Barclays EDINBURGH Scotland EH2 2AN
4001,O2 EDINBURGH Scotland EH2 2AN
4005,Northampton Combined Court NN1 3HQ
4010,Preston Sessions House PR1 2PD
4012,Swansea County Court West Glamorgan SA1 4PF
4013,DUDLEY COUNTY AND FAMILY COURT DY1 1RY
4016,West Cumbria court house Workington CA14 4AS
4017,Chichester County Court PO19 1TY
4019,Birmingham Crown Court B4 7NA
4020,Birmingham Magistrates Court B4 6QA
4021,Birmingham Civil and Family Justice Centre B4 6DS
4022,Cannock Magistrates Court WS11 1AT
4023,Newport Civil and Family Court NP19 7AA
4024,Wellingborough Magistrates Northamptonshire NN8 1HF
4034,GKN Western Approach BS35 4GG
4039,Stafford Combined Court ST16 2QQ
4040,Wellingborough Magistrates 57A Midland Rd NN8 1HF
4041,Barclays Radbroke Knutsford WA16 9EU
4046,Walsall Magistrates West Mids WS2 8HA
4049,"Pets at Home Southend London Road Southend,SS1 1PP"
4051,"Wimbledon depot,SW19 8EG"
4055,Guildford Crown Court Surrey GU1 4ST
4056,Newport Immigration NP18 2LX
4057,O2 CAMDEN LONDON NW1 7JY
4061,Telford Magistrates Court TF3 4HX
4062,John Smith Brewery Center Lane Tadcaster North Yorkshire LS24 9SA
4068,Exchange Plaza Edinburgh EH3 9BY
4072,University of Gloucestershire Park Campus Cheltenham GL50 2RH
4073,University of Gloucestershire Francis Close Hall Campus GL50 4AZ
4077,Reading Tribunal RG1 1DX
4088,Shrewsbury Justice Centre The Court House Preston Street SY2 6NX
4089,Newport IOW Combined PO30 5YT
4090,Barclays Edgware Middx HA8 7RY
4092,EE Sutton Coldfield West Midlands B72 1PH
4097,Birmingham Crown Court 1 Newton Street B4 7NA
4102,Preston Combined Court PR1 2LL
4104,Lancaster Magistrates Court LA1 1XZ
4106,Guildford Magistrates GU1 4QS
4109,Plymouth Crown Devon PL1 2ER
4113,Sunderland Magistrates Court SR1 3AP
4116,LINCOLN COUNTY AND FAMILY LN5 7PS
4117,TSB Camberley Surrey GU15 3RS
4118,Peterlee Magistrates Court SR8 1QR
4119,University of Gloucestershire Oxstalls Campus GL2 9HW
4120,University of Gloucestershire Pittville GL52 3JG
4122,Teesside Combined Middlesbrough TS1 2AE
4123,North Shields County Court NE29 6AR
4132,Carlisle Combined Court Cumbria CA1 1DJ
4134,Darlington County Court DL3 7RL
4143,HP Reading Berkshire RG2 0QJ
4145,MANCHESTER CROWN COURT CROWN SQUARE Courts Of Justice M3 3FL
4146,MANCHESTER TRIBUNAL HEARING CENTRE PICCADILLY EXCHANGE Piccadilly Plaza M1 4AH
4156,Swansea Civic Centre West Glamorgan SA1 3SN
4157,BRISTOL CROWN COURTBS1 1DW
4171,17 Claremont Way Brent Cross NW2 1AJ
4172,Wardian Marsh Way E14 9SJ
4177,Portsmouth Combined PO1 2EB
4179,Garrard House London EC2V 7QA
4181,Lewisham House 25 Molesworth Street SE13 7HF
4184,MANCHESTER COUNTY AND FAMILY COURT M60 9DJ
4185,BURNLEY MAGISTRATES COURT BB11 2BS
4187,Cardiff County Court CF10 1ET
4190,Shard Place 2830 London Bridge SE19SG
4192,O2 Greater Manchester M17 8BN
4197,Berth 34 Port of Tilbury RM18 7NS
4207,1 Portland St Manchester M1 3BE
4226,GSK Stevenage Hertfordshire SG1 2NY
4227,"Lower Thames Crossing 10 Eurocourt, 0liver Close, West Thurrock RM20 3EE"
4230,GSK Harlow Essex CM19 5AW
4235,PLYMOUTH MAGISTRATES COURT Devon PL1 2DP
4236,Lincoln Magistrates Court Lincolnshire LN5 7QA
4238,Hove Crown East Sussex BN3 3BN
4239,Fulham Football Club Craven Cottage Stevenage Rd SW6 6HH
4240,Wilko Portsmouth PO1 1NB
4254,Rolex Showroom 221 Buchanan Street Glasgow G1 2JZ
4255,BT Ryland House Croydon CR0 1SG
4268,O2 Leamington Spa Warwickshire CV32 4BA
4273,"Swindon Crown Court , SN1 2HG"
4274,"Swindon Crown Court,SN12HG"
4277,"Lochside View, Edinburgh , EH12 9DH"
4278,"BT Alexande 1 Lochside View,Edinburgh Park,Edinburgh,EH12 9DH"
4282,Gloucester And Cheltenham County Court GL1 2DE
4283,"Gloucester Crown Court,GL1 2TS"
4284,Milton Keynes Depot Colts Holm Road 52 Colts Holm Road Milton Keynes MK12 5QD
4289,BT Lancaster House Liverpool Merseyside L3 9PY
4290,BT Harmondsworth West Drayton UB7 0FX
4292,The Shard London SE1 9SG
4294,Waterbeach Barracks Dannyend Road Cambridge CB25 9PA
4297,TSB Mid Glamorgan Bridgend CF34 9BW
4298,TSB Inverness IV1 1HN
4299,Worthing Magistrates West Sussex BN11 1JE
4300,Chichester ACTC Wext Sussex PO19 1TY
4304,Coventry Magistrates Court CV1 2SQ
4305,O2 Aylesbury Buckinghamshire HP20 2SP
4306,Coventry Combined Court West Midlands CV1 2SN
4308,Weymouth Combined Court DT4 8BS
4315,18 Stoney Street Borough Market SE1 9AA
4316,Tameside Magistrates Court OL6 7TP
4320,"Premier Foods - Ashford Kennington Road , TN24 0LU"
4323,"Hobbycraft Luton,Luton retail park,Gypsy lane,LU1 3JU"
4331,Reedley Family Court Burnley Lancashire BB10 2LQ
4332,Lincoln Crown Court LN1 3GA
4333,Manchester Civil Justice Centre M60 9DJ
4337,Rolex Buchanan Street Glasgow G1 2JZ
4338,Brighton Hearing Center BN2 0JD
4340,BURNLEY COMBINED COURT CENTRE Lancashire BB11 1XD
4351,"BLACKWOOD COURT , NP12 1NY"
4360,Alandale Comms Room 9 Selsdon Way City Harbour E14 9GL
4364,STOCKPORT MAG AND FAMILY COURT SK1 3NF
4365,MANCHESTER CROWN MINSHULL M1 3FS
4366,Preston Magistrates CourtR1 2QU
4367,Blackburn County Court BB1 6DN
4373,MG 3 ST Pauls Place in Sheffield S1 2JE
4375,TSB Liverpool Merseyside L13 5XF
4377,TSB 70 Broad StreetFraserburgh AB43 9AS
4385,"Swindon Magistrates Court , SN1 2JB"
4386,South East Northumberland Magistrates Court Bedlington NE22 7LX
4388,Royal Mail DO Falkirk Stirlingshire FK1 1AA
4390,BT Telephone House Dundee Angus Scotland DD1 1BA
4391,Havant Magistrates PO9 2AL
4392,Primark Llandudno Gwynedd LL30 1PX
4395,Oldham Broadway Business ParkChaddertonOldham Greater ManchesterOL9 9XB
4397,Tata GB Durham Stockton on Tees TS16 0RB
4398,MULLER Foston DERBY DE65 5BZ
4399,Sentinel Glasgow G2 7BW
4400,Llandarcy Academy of Sport SA10 6JD
4402,Salford Depot Greater Manchester Lancashire M6 6QH
4404,Legoland Hotel Berkshire Windsor SL4 4AY
4407,Lighthouse Labs Plymouth PL6 7LQ
4409,Homebase Leighton Buzzard LU7 1ER
4411,Southmead Hospital Bristol BS10 5NB
4415,Whitebirk Drive ENWL Blackburn BB1 3HT
4417,Thorpe Park Resort Chertsey KT16 8PN
4418,Crawley Magistrates Wext Sussex RH10 8BF
4424,S-DTS Training
4425,Bolton Combined Court BL1 1SU
4430,AY Partnership House Gosforth Newcastle Upon Tyne NE3 4PL
4435,B Northern Trust 50 Bank Street Canary Wharf LondonE14 5NT
4437,Chelsea Barracks SW1W 8RH
4438,Cardiff Metropolitan University Cyncoed CF23 6XD
4445,Thorn Lighting Spennymoor Durham DL16 6HL
4450,Central Square 29 Wellington Street Leeds LS1 4DL
4453,Carmarthen County Court Family Court Picton Terrace Carmarthen SA31 3BX
4455,Royal Mail Huddersfield West Yorkshire HD1 1AA
4458,Royal Heathfield DO Heathfield TN21 8PH
4461,Aurora Building Glasgow 120 Bothwell street G2 7JS
4462,Ernst Young Southampton SO15 2BE
4468,DHL Prudhoe Mill Princess Way Prudhoe NE42 6HE
4471,Barclays Glasgow Campus G5 8EL
4472,Roehampton University London SW15 5PU
4476,Barclays Humber Quays Hull HU1 2DM
4478,Royal Mail ENFIELD DO EN1 1AA
4481,Wilko Stratford London E15 1NG
4482,Wilko Nottingham NG1 3DA
4502,KPMG Canada Square 15 Canada Square London E14 5GL
4510,GTR St Albans City Station Hertfordshire AL1 5HE
4513,NT Wimpole Hall Arrington Hertfordshire SG8 0BW
4523,79 Hoe Street East London IG7 4ND
4549,Grays Jobcentre Essex RM17 6QQ
4551,Blackpool Magistrates Court Lancashire FY1 5AA
4553,London Distribution Park Tilbury RM18 7AN
4560,James Cropper Kendal Cumbria LA9 6PZ
4563,Crown Packaging Oxfordshire OX12 9BP
4565,St Andrews Lane 28 St Andrews Square Edinburgh EH2 1AF
4567,Homebase Gloucester GL4 3DB
4570,Homebase Woking Knaphill GU21 2QT
4572,Eastleigh College Hampshire SO50 5FS
4575,Homebase Oxford Cowley OX3 7JN
4578,O2 WOLVERHAMPTON West Midlands WV1 3ER
4585,TSB Oswestry Shropshire SY11 2SS
4589,Willmott Dixon Construction Ltd East Sussex BN27 1FB
4594,Arriva Thurmaston Leicester LE4 8PH
4595,Arriva Hinckley Leicester LE9 8DH
4596,Arriva Wigston Leicestershire LE18 4TH
4597,Morgan Sindall Hackney London N1 5JU
4598,Sizewell B Leiston Suffolk IP16 4UR
4599,Arriva Durham DH1 1TN
4600,Arriva Newcastle Upon Tyne Wear NE2 1QS
4602,Waterhouse Business Centre Chelmsford CM1 2QE
4610,HOMEBASE DARTFORD DA1 1LA
4611,Southend Care HomePrittlewell ChaseWestcliff on SeaSouthend on SeaWestcliff On Sea SS0 0SR
4623,ROYAL MAIL CLEVELAND MIDDLESBOROUGH TS2 1RA
4624,Kingstown Retail Park Carlisle CA3 0JR
4626,Tesco Greenford Greater London UB6 0TP
4627,Parc Trostre Retail Park Llanelli SA14 9UY
4644,Arriva Allenton Derby DE24 8ND
4645,Arriva Aylesbury Buckinghamshire HP19 8UR
4646,Arriva High Wycombe Buckinghamshire HP12 3RH
4647,Arriva Tamworth Aldergate Staffordshire B79 7DX
4648,Arriva Cannock Staffordshire WS11 0XB
4649,Wilko Preston 162 165 Friargate PR1 2EJ
4650,Arriva Hemel Hempstead Hertfordshire HP3 9PH
4651,Arriva Harlow Essex CM20 1DU
4652,Arriva Ware Herts SG12 9QQ
4653,Arriva Tunbridge Wells Kent TN2 3UP
4654,Arriva Colchester Essex CO2 8GU
4655,Arriva Southend Sea Essex SS2 5BY
4663,Royal Mail Broadstairs DO CT10 2AA
4664,Cwmbran Magistrates Court NP44 3YA
4666,TSB Dartford Greenhithe Kent DA9 9SJ
4671,Barclays Brownlow Hill Liverpool L3 5TY
4672,Barclays Liverpool Merseyside L2 1TD
4674,Barclays Durham DH1 3NB
4675,40 Torphichen St Edinburgh EH3 8JB
4676,Barclays Ilford Essex IG6 3BU
4677,Barclays Brompton London SW3 1QF
4678,Barclays Huddersfield West Yorkshire HD1 2AA
4679,Royal Mail WOKING Surrey GU21 3BA
4680,Barclays 3 St Johns St Devizes Wilts SN10 1BQ
4681,Barclays Horsham West Sussex RH12 1DN
4682,Barclays Langley Slough Berkshire SL3 8HE
4683,Sinclairs Laundry London N18 2HE
4684,Little Bills London Walthamstow E10 7QE
4685,DST House Basildon Essex SS15 5FS
4686,O2 169 Commercial St Kingsway Centre NP20 1JN
4689,Midland Heart 35 Campbell St Northampton NN1 3DS
4690,Swinton Square 67 The Parade Swinton Manchester M27 4BD
4692,EDINBURGH EMPLOYMENT TRIBUNAL EH3 7HF
4693,Royal Mail CHATHAM Kent ME4 4AA
4695,TSB Ossett 3 Wesley Street Ossett WF5 8ER
4696,Port Felixstowe Suffolk IP11 3SY
4700,Wilko Newport Gwent NP20 1HY
4704,TSB Woodseats Sheffield S8 0BJ
4705,Lloyds Tsb Bank Nottingham NG2 5JD
4707,NACRO Schoeffer House Lincoln LN6 0LT
4708,Huddersfield Magistrates Court HD1 2TG
4709,Burnley Tribunal Court 1st floor St James Row BB1 1DR
4710,Wilko Havant Hampshire PO9 1UW
4711,EE Queensway Bayswater W2 6LS
4712,11 Lavender CrescentPeterborough PE1 3UH
4713,Bradford Combined court BD1 1JA
4714,Royal Mail Brampton Cumbria CA8 1UP
4715,Leyland Family Court PR25 2EX
4716,EY Birmingham West Midlands B4 6HQ
4718,St andrews lane EH2 2BD
4719,ACTC Lancaster Dalton Square Lancaster LA1 1PL
4720,Lloyds TSB Preston Lancashire PR1 2DY
4721,Memory Lane Cakes Cardiff CF14 4XR
4722,Scarborough Justice Court YO12 7AE
4723,Essity Trafford Park Manchester M17 1EQ
4724,Royal Mail Barrhead Glasgow G78 1RS
4725,North Staffordshire JC Ryecroft ST5 2AA
4727,Blackburn County Court and Family CourtBB1 6DJ
4728,Royal Mail North Berwick DO EH39 4AA
4730,Broad St Birmingham B1 2HQ
4731,Majestic Wines Unit 2 Low Gates Yard High Street Northallerton DL7 8EB
4732,TSB 4 Victoria RoadNetherfield NG4 2HE
4733,TSB 37 CastlegateNewark NG24 1BD
4734,TSB 8082 Nottingham RoadNottinghamNG24 1BG
4735,Boston Court House Lincolnshire PE21 6PE
4736,The Welcome Store Hastings East Sussex TN37 7AG
4737,Pontypridd Civil Justice CF37 1JR
4739,Salford County Court NBC M5 4RR
4740,TSB Tenbury Wells Worcestershire WR15 8AQ
4741,Royal Mail DO DOLGELLAU LL40 1LP
4742,Southern Coop Hastings TN37 7BA
4743,Huddersfield County Court HD1 2RR
4744,Guardian Comms Room Regent St London W1B 3HH
4745,Royal Mail Langholm DG13 0JH
4747,TSB Harland House Woking Surrey GU21 6HW
4749,Co op Hove East Sussex BN3 1DA
4750,Newcastle Civil Family and Tribunals NE1 8QF
4751,TSB Branch 12 Main St Turiff AB53 4AD
4752,Safran Landing Systems UK Gloucester GL2 9QH
4753,Wilko Yeovil Peel Retail Park Babylon Hill BA21 5BT
4754,Aberafan shopping centre SA131PB
4755,Majestic Wines Crawford Street Marylebone London W1H 2HS
4758,BMW Chargemaster Watford Hertfordshire WD24 6PR
4759,Mappin Webb Auchterarder Perthshire PH3 1NF
4760,Breitling Boutique Cardiff South Glamorgan CF10 2EJ
4761,1 Sherwood Street London W1f 7BL
4764,The Applecart Beefeater Abingdon Oxfordshire OX14 4TX
4767,Royal Holloway University of London Egham TW20 0EQ
4771,Pets at Home Cardiff Unit C Cardiff Bay Retail Park Ferry Road Cardiff CF11 0JR
4774,Pets at Home West Drayton Unit 1 Cowley Retail Park Uxbridge UB8 2TE
4775,Woodhall Spa Lincolnshire LN10 6TL
4776,13 Whattingdon Road House Coulsdon CR5 3JY
4777,Flat 58 Otford House London SE1 4LS
4778,Flat G02 Building 600 Alaska Buildings 61 Grange Road London SE1 3BB
4779,Flat 1 334 Camberwell New Road Camberwell London SE5 0RW
4780,Flat 5 7 John Maurice Close London SE17 1PY
4781,103 Menlo Gardens Norwood London SE19 3DX
4782,Flat 3 St Gothard Mews 17 St Louis Road LONDON SE27 9QN
4783,Flat E Wright Phillips House 136 St Norbert Road London SE4 2FG
4784,1211 Aragon Tower George Beard Road London SE8 3AJ
4785,Flat 12Hamilton Court Cumberland Place London SE6 1LY
4786,Flat 3 Dulwich Court 2 Underhill Road London SE22 0AJ
4787,Flat 3 10 Chaucer Road London SE24 0NU
4788,Wilko Plymouth PL1 1QL
4789,101 Cleveland St W1T 6NG
4792,Horsham County Court West Sussex RH12 2ET
4793,Parc Trostre Retail Park Llanelli Carmarthenshire SA14 9UY
4795,Safran Gloucester GL2 9QB
4796,TSB Romford Essex RM2 5JA
4797,O2 Islington London N1 0PQ
4798,CARDIFF TRIBUNAL NEWPORT ROAD CF24 0AB
4799,Gracechurch Shopping Centre Sutton Cottfield West Midlands B72 1PA
4800,Traditional Norfolk Poultry Ltd Attleborough Norfolk NR17 1DS
4801,O2 EASTBOURNE East Sussex BN21 3NW
4802,Chichester Combined Court PO19 1SX
4804,Pets at Home Chichester Portfield Retail Park 2B Portfield Way Chichester PO19 7YH
4805,Canvey Island Essex SS8 0JA
4807,Lewes Combined Court BN7 1YB
4808,Land West of Culham Station Ox14 3BS
4809,Warwick Court 1 White Heart Street London EC4M 7DW
4810,Homebase Octavian PK DC Wellingborough 1 5 Claudius Way Irchester NN8 2DH
4813,Southern Cooperative Seasalter Whitstable Kent CT5 4AX
4814,TSB DAUBHILL Bolton Lancashire BL3 6LS
4815,Park Grand Hotel Hounslow Greater London TW5 0BU
4816,Adult Learning Centre Brentwood Essex CM13 1BD
4819,Hamlet Court Road Westcliff on sea Essex SS0 7UA
4820,Royal Quays Outlet North Sheilds Tyne Wear NE29 6DW
4823,Penta Hotel Reading Berkshire RG1 7RH
4826,Gloucester JCP Gloucestershire GL1 1XL
4827,Cheltenham Job Centre Gloucestershire GL50 4DJ
4830,Liverpool Town Hall High Street Liverpool L23SW
4831,Station Square Lowestoft Suffolk NR32 1BA
4832,BT Sunderland ATE St Thomas Street Sunderland UK SR1 1BN
4833,Cardiff Social and security 35 43 Newport Road
4834,Hotel Novotel Heathrow Airport T1 Harlington Hayes Greater London UB3 5AP
4838,Coach Bicester Village Oxfordshire OX26 6WD
4839,Atlantic Quay Glasgow G2 8JD
4840,Pets at Home Hatfield Oldings Corner Retail Park Comet Way AL9 5JP
4841,The Bridges Sunderland Management Suite SR1 3DR
4843,SPAR Hilsea Portsmouth PO2 9HN
4845,CNWL CP House West Ealing London W5 2ST
4847,Colchester Magistrates Essex CO2 7EF
4848,Ipswich Magistrates Suffolk IP1 2AP
4849,Chelmsford Crown Essex CM1 1EH
4850,Southend Crown Essex SS2 6EG
4851,Margate Magistrates Kent CT9 1RL
4852,Norwich Combined Norfolk NR3 1UP
4855,Canterbury Combined Courts CT1 1ZA
4856,Chelmsford County CM20PP
4857,Ipswich County Suffolk IP1 1EJ
4858,Great Yarmouth Norfolk NR30 1PW
4859,Maidstone Combined ME16 8EQ
4861,Medway Magistrates ME4 4JZ
4862,Norwich Mags NR31UP
4863,Basildon Combined SS14 2BU
4864,Bury St Edmonds IP331TR
4865,Sevenoaks Magistrates Kent TN13 2HU
4867,Chelmsford Crown CM11EH
4868,Compass Centre Greater London Heathrow TW6 2GW
4869,EE Greenock Contact Centre 4 Main Street Greenock PA15 1AE
4870,80 Turnmill Street Farringdon London EC1M 5QU
4871,Plymouth Devonport Job Centre PL2 3BD
4873,Space NK London Molton St W1K 5SU
4874,Selly Oak Birmingham West Midlands B29 6TL
4875,Harrow Crown Court HA1 4TU
4876,Llandaff CampusWestern AveCardiff CF5 2YB
4878,Hampton by Hilton Hotel 111 Uxbridge Road Ealing London W5 5TL
4879,Space NK London NW8 7NL
4880,Atrium Feltham Greater London TW14 0AW
4881,CNWL Westminister London W2 2EA
4882,CNWL Hammersmith London W6 8DR
4883,CNWL Ealing London W5 2ST
4884,CNWL Network House 8 Fulton Rd Wembley London HA9 0NU
4885,Holiday Inn Express Edinburgh City West EH4 3HL
4887,ST ALBANS MAGISTRATES COURT AL1 3LB
4888,Capitol Park Dodworth Barnsley S75 3TZ
4889,Wembley Stadium London UK HA9 0WS
4891,Wolverhampton Social and Security 31 Waterloo Road Wolverhampton WV1 4DJ
4892,Canterbury Magistrates Court CT1 2UE
4893,129 St James Square Edinburgh EH1 3AD
4895,Wembley National Stadium Greater London HA9 0WS
4896,Lincoln Building Square Manchester M2 5LN
4897,Chichester pop up Court PO19 1PD
4898,EcoWorld Acton Brentford Greater London TW8 8JJ
4899,London Square Rich Industrial Estate Bermonsey London SE1 5TE
4900,Salisbury Homebase Chaddesden Derby DE21 6NZ
4902,Watford Project 50 Clarendon Road Watford WD17 1TX
4903,O2 Huddersfield West Yorkshire HD1 2QB
4905,Century Tower Shine Gate Chelmsford Essex CM2 0FQ
4906,Cambridge Picturehouse 38 39 Saint Andrews Street Cambridge CB2 3AR
4907,Springfield House 76 Wellington Street LS1 2AY
4911,GTR Stevenage Hertfordshire SG1 1XT
4912,Bedfont Lakes TMC Feltham Middlesex Greater London TW14 8HA
4913,RWE Little Barford St Neots PE19 6YT
4916,ACTC Rochester Chatham Kent ME5 9SF
4920,SA Brains Cardiff Right acres CF105BS
4922,Goldsmiths Renfrew Glasgow G51 4BS
4923,57 Altima Court 33 East Dulwich Road SE22 9AL
4924,125 Upland Road SE22 0DF
4925,Flat 23 Dryden Court Renfrew Road SE11 4NH
4927,The Lincoln Brazennose Street Manchester M2 5AS
4929,Hampden Park Eastbourne East Sussex BN22 9ND
4930,Sainsbury Pontllanfraith Blackwood South Wales NP12 2AN
4931,Nova Victoria Bressenden Victoria SW1E 5RS
4932,Honeywell Cambridge Eastbrook CB2 8DR
4933,Cherry Hinton Road CB1 7BX
4934,Brighton County and Family court BN2 0RF
4936,Odeon Newark 23 London Rd NG24 1TN
4938,The Body Shop Eastbourne 132 Terminus Road Eastbourne BN21 3AN
4939,DARTFORD COUNTY AND FAMILY
4944,1 West Regent Street Glasgow G2 1RW
4945,Dover Telephone Exchange Kent CT16 1BE
4948,KPMG 1 Snowhill Queens Way Birmingham B4 6GH
4949,Royal College of General Practictioners London NW1 2FB
4953,Sandman Signature London Gatwick Hotel West Sussex RH10 8XH
4955,Hobbycraft Romford Unit 9 The Brewery shopping centre RM1 1AU
4956,Competition and Markets Authority London E14 4QZ
4962,Affinity Water Hillfield Park Reservoir Hillfield Lane Watford WD25 8DA
4966,turbary retail park Units 1A1B 901 905 Ringwood Rd Bournemouth BH11 8LL
4968,TK Maxx Portsmouth Hampshire PO1 4RP
4977,DWP MANCHESTER CHEETHAM HILL 96 Crescent Road Cheetham Hill M8 9DQ
4979,DWP St Helens Gregson House WA10 1UF
4984,Molson Coors Brewery Tadcaster North Yorkshire LS24 9SD
4997,Chelmsford CrownCM1 1EL
4999,Bury St EdmondsIP33 1TR
5000,RWE Kraftwerk Great Yarmouth Power Station NR30 3PY
5001,Chelmsford Magistrate CM1 1NT
5002,Pets at Home Peterborough Unit 1 Bourges Boulevard PE1 1NG
5004,Pets at Home Walsall Broadwalk Retail park WS1 4SB
5005,The Broadway Woodhall Spa Lincolnshire LN10 6PU
5006,The Body Shop Ashford Outlet Unit 111 Kimberley Way Ashford TN24 0SD
5008,Sandman Hotel PICK and Drop
5009,Thruxton Motor Racing Circuit Andover Hampshire SP11 8PN
5012,Renaissance Heathrow Bath Road Hounslow Middlesex United Kingdom TW6 2AQ
5017,Matalan Portsmouth Station Street PO1 1BE
5018,Brighton Tribunal Center BN3 1TL
5021,TSB Wantage Oxfordshire OX12 8AR
5027,Next Glen House Glen House 200 208 Tottenham Court Road W1T 7PL
5028,NBS Nationwide Swindon Wiltshire SN3 1TA
5029,TSB Bishop Stortford Hertfordshire CM23 3UU
5030,BEIS Platform 21 B2 4HQ
5031,Lloyds TSB Edinburgh Waverley EH2 2DS
5034,Newcastle Shopping ParkNE6 2UJ
5038,ATOS Paisley Pavilion 2 St James Business Park 83 Linwood Road Paisley PA3 3BB
5039,Junction Six Industrial Park B6 7JJ
5040,Aspall Cyder House Debenham Suffolk IP14 6PD
5043,Mercure LHR Shepiston Lane Hayes United Kingdom UB3 1LP
5046,Huddersfield Football stadium HD1 6PG
5047,Sefton Park Liverpool L17 1AP
5048,TS Tech Blackworth Industrial Estate Highworth Witshire SN6 7NA
5051,Norwich TribunalNR1 3PL
5058,The Blenheim Shopping Center Prince Regent Rd Hounslow TW3 1NL
5059,ACTC Hilton Hotel Bearsted Rd Maidstone ME14 5AA
5071,WH Smith Alton GU34 1HZ
5077,Homebase Leicester 37 Putney Rd Leicester LE2 7TF
5080,St James Place house 1 Telbury Road Gloucestershire GL7 1FP
5082,Barnards House London SE16 5UP
5083,Virgin Money Doxford 3 3 Grayling Court Doxford business park SR3 3XD
5084,TC Facilities Corby RS Components NN17 5JF
5088,Barclays Bank Peckham SE15 4ST
5090,Barclays Noel Park London N22 6DH
5091,463 465 Brixton Rd Brixton London SW9 8HL
5092,Barclays Woolwich Greenwich London SE18 6FL
5093,Northwood Chesterfield Tissue Mill Derbyshire S40 2PH
5098,O2 Kingston G4 First Floor Bentalls Shopping Centre KT1 1TP
5100,Next Bristol Imperial Park BS13 7TJ
5103,Levi Bristol Cabot CircusBS1 3BF
5107,Henderson House 4 Lancaster Way Huntingdon Cambridgeshire PE29 7DU
5109,Apex City of Edinburgh Hotel Grassmarket Midlothian EH1 2HJ
5110,Unit G Brotherhood Retail Park Peterborough Cambridgeshire PE4 6ZR
5111,Southwater Square St Quentin Gate Telford TF3 4EJ
5113,Barclays Kingsbury Rd London NW9 9EG
5114,Barclays Norbury London SW16 4BX
5115,100 Barrington road Brixton London SW9 7JF
5116,Somerset House Strand London WC2R 1LA
5117,barclays 16 Tranquil Vale Blackheath London SE3 0AX
5118,Pets at Home Hendon Retail Park Unit 1 Silk Bridge NW9 7TH
5119,Pets at Home Wimbledon SW17 0BW
5121,Great Danes Hotel CourtME171RE
5124,Peterborough Brotherhood Retail Park Brotherhood close Peterborough PE4 6ZR
5125,Barclays Walworth SE17 1JF
5126,Waterside Shopping Centre LN2 1AP
5127,Wilko Bristol BS1 2DF
5128,Duxford Airfield Building 425 Cambridge CB22 4QR
5130,Barclays Lewisham London SE13 6BB
5132,Barclays Barking Essex IG11 7PG
5133,TSB Kilmarnock Ayrshire KA1 1QD
5134,DWP MANCHESTER STRETFORD Chester RoadOld Trafford M32 9ED
5136,TSB 61 Market Place Swaffham PE37 7AP
5137,barclays 137 Ladbroke Grove Notting Hill London W11 1PR
5138,Apex Hotel 90 Haymarket Terrace Edinburgh EH12 5LQ
5139,UTC Banbury Security OX16 4SU
5140,Kaleidoscope 4 Lindsey Street Barbican London EC1A 9HP
5149,DWP Huntingdon Cambridgeshire PE29 3PN
5151,Patch Bar East58 60 Carter Ln London EC4V 5EA
5152,Matalan Strood Commecial Road 180 ME2 2AD
5156,O2 Crawley West Sussex RH10 1ER
5157,Berkeley St Edward Eden Grove 15 51 London Road Staines Upon Thames TW18 4TD
5158,Asda Tipton DY4 0BP
5159,Asda Minworth B76 1XL
5161,DSG Avonmouth Bristol DC BS35 4GG
5163,O2 BOURNEMOUTH Dorset BH2 5RH
5165,Festival Place Unit 31 Main Mall Basingstoke RG21 7BE
5168,O2 Unit62 The Mall Bristol BS34 5DG
5169,Taunton Technology park TA1 2LB
5170,Edinburgh Airport Ingliston EH12 9FS United Kingdom
5175,DWP Swinton 51 53 THE PARADE SWINTON MANCHESTER M27 4BH
5177,Novotel M4 J4 Cherry Lane West Drayton United Kingdom UB7 9HJ
5179,Labour Party Conference Crowne Plaza Gatwick Airport RH11 7SX
5181,Wilko Southampton SO15 1BA
5188,O2 Harlow Essex CM20 1JF
5190,Wilko Staines TW18 4WB
5194,New look West Brom 237 241 High Street B70 7NN
5195,Wilko Milton Keynes Buckinghamshire MK10 OBA
5198,Wilko Ashton OL6 6BH
5199,Wilko Walthamstow E17 7DB
5200,Wilko Tottenham Hale London N15 4QD
5203,Wilko Northampton NN1 1RS
5206,Royal Mail Ebbw Vale DO Holland St Ebbw Vale NP23 6AD
5207,EE Shop Birmingham The Fort B24 9FP
5208,Lloyds TSB Burton On Trent DE14 1BJ
5209,Wilko Harrow Wilko Harrow HA1 1HS
5210,Coventry Building Society Arena CV6 6GE
5213,Merthyr Tydfil Oldway House Mid Glamorgan CF47 8UX
5214,Royal Derby Hospital Uttoxeter Road Derby DE22 3NE
5218,Morgan Sindall 300 Manor Road Canning Town E16 4PA
5220,Wilko Kensington High Street W8 7RG
5221,Caterpillar Peterborough Frank Perkins Way Peterborough PE1 5LT
5222,Pets at Home Clacton on Sea Phase 2 Brook Retail Park London Road Clacton On Sea Essex CO15 3TP
5224,TSB Dovercourt 230 High Street CO12 3AY
5225,O2 Manchester Market St Unit 5 39 Market Street M1 1WR
5228,Royal Mail 226 HIGH STREET EPPING CM16 4AA
5235,Re D S Smith 55 Ely road Queen Adelaide Ely Cambridgeshire CB7 4TZ
5238,DWP BLACKBURN ORCHARD HOUSEPENNY STREETBLACKBURNBB1 6HA
5243,Primark DC Kettering Rd Islip Kettering NN14 3JW
5244,TK Maxx Oxford Clarendon Unit 20 Clarendon Center Cornmarket St Oxford OX1 3JE
5246,Cleveland Clinic 33 Grosvenor Place Belgravia London SW1X 7HY
5247,Potters Bar Boots EN6 1AE
5248,Highway England Eclipse Park Maidstone ME14 3EN
5249,Holiday Inn Express Edinburgh City West EH4 3HL Mitie
5250,Apex City of Edinburgh Hotel Grassmarket Midlothian EH1 2HJMitie
5251,Apex Hotel 90 Haymarket Terrace Edinburgh EH12 5LQ Mitie
5253,D S Smith Kettering Cromwell House Latimer Park Kettering Northamptonshire NN15 5YZ
5255,Sunseeker international osprey quay portland beach road dorest DT5 1BL
5256,TK Maxx5 cross keys arcade queen street salisbury SP1 1EY
5258,Wilko Clifton Bristol BS8 1QE
5259,Wilko Swansea SA1 3QJ
5260,Pets at Home Byker NE6 2UJ
5261,101 Cambridge Science Park Cambridge CB4 0FY
5263,Luton Station Rd Luton LU1 2LT
5264,Nielson House John Smith Drive OX4 2WB
5265,Havant Probation Office PO9 2AS
5267,Trinity Distribution Park Co Pentalver Transport Unit 1 Nicolas Road Felixstowe IP11 4AW
5268,Wilko Edmonton Green N9 0TZ
5269,Southern Cooperative Faversham Road Lenham Kent ME17 2PN
5273,Brunel House 930 Hempton Court Aztec West Bristol BS32 4SR
5276,DWP ACCRINGTON OAKBANK HOUSEOAKBANK HOUSEBB5 1PJ
5279,BASILDON COMBINED COURT REGENT HOUSE THE GORE SS14 2EW
5281,Telefonica Salisbury Scots Lane Salisbury SP1 3TU
5283,Deloitte Cambridge The One Cambridge CB1 2GA
5287,UNIT LG 65 35 THE HAYES ST DAVIDS CENTRE CARDIFF CF10 1GA
5288,Cop 26 Glasgow Science Centre 50 Pacific Quay Glasgow G51 1EA
5291,Tate Modern Bankside London SE1 9TG
5292,10 Victoria street london SW1H 0NN
5294,Twickenham Stadium 200 Whitton Rd Twickenham TW2 7BA
5295,DWP ROSSENDALE RAWTENSTALLBACUP ROADROSSENDALEBB4 7NH
5296,430593 BILLINGHAM 18 Town SquareBillingham Billingham TS23 2LQ
5299,ATOS Riverside Place Durham DH1 1SL
5300,Nike Town Oxford Circus 236 Oxford St Marylebone London W1C 1DE
5301,Barclays EDF on Barnett Way Green Fence GL4 3RU
5304,O2 at the O2 Units 102 103 The O2 Shopping Centre SE10 0AX
5305,DWP MANCHESTER WILMSLOW ROAD 96 Wilmslow Rd Rusholme M14 5BJ
5310,Jobcentre Stockport National House 80 82 Wellington Rd N Stockport SK4 1HW
5311,Cardiff University ASSL Library Colum Road CF10 3EU
5312,Parc Trostre Retail Park Llanelli SA149UY
5314,ATOS Equinox House Darlington DL3 0PH
5315,Toronto Street Leeds LS1 2HU
5316,Bristol Magistrates Court BS1 3NU
5317,Co Op Edinburgh Dalry Road
5318,Co Op Edinburgh McDonald Road EH7 4LU
5319,Co Op Edinburgh South Clerk Street EH8 9NZ
5320,Co Op Ladywell EH54 6AB
5321,Kurt Geiger Cambridge store St Andrews Street CB2 3BJ
5322,Wilko LeighWN7 1AB
5324,Harman Close Avondale Square Estate London SE1 5PB
5325,Superdry Head Office Cheltenham Unit 60 The Runnings Cheltenham GL51 9NW
5327,JD Sports Croydon Valley Retail Park
5329,287989 Ikea braehead Glasgow G514FB
5333,EY 1 MLP 1 more london place SE1 2AF
5334,Dunelm Milton Keynes SnowdonMK6 1AJ
5337,JD Sports Ilford Eastern Avenue IG2 6PF
5339,JD Sports Brighton 1 Churchill Square BN1 2TA
5343,Dunelm Cambridge Newmarket Road CB5 8JL
5348,Redhill 31 Station Road RH1 1QH
5349,EE 11 Cornhill Dorchester DT1 1BQ
5351,Coop Histon Rd CB4 3HL
5352,Royal Mail RHC Highland Hall Central Hall Car Park EH28 8NB
5356,Matalan Rose Kiln Ln Reading RG2 0SN
5357,The Pinnacle Lower Third Street Midsummer Boulevard Milton Keynes MK9 1FF
5359,Royal Mail Arcadia site Stoney Rock Lane Harehills Leeds LS9 7BL
5360,Homebase Fitzroy park Stansted road Bishops Stortford CM235PP
5361,Brotherhood retail park Brotherhood close Peterbrough Cambridgeshire PE4 6ZR
5363,Superdry Brighton North Street Quadrant BN1 3GJ
5364,Kurt Geiger Unit 30 Princes Square Buchanan Street Glasgow G1 3JN
5366,Dunelm Easlea Rd Bury Saint Edmunds IP32 7BY
5367,BQ Twickenham50 South Rd London TW2 5NT
5368,Gap Reading Broad StreetRG1 2AX
5369,ACTC Norwich Whitefriars NR3 1SE
5370,Asda Heath Town Supermarket Wolverhampton Rd Heath Town Wolverhampton WV10 0QB United Kingdom
5373,TSB 114 High Street Kirkcaldy Kirkcaldy KY1 1NQ
5374,Odeon Swansea Quay parade Parc Tawe Swansea SA1 2BA
5376,Currys Sydenham UNIT 5 BELL GREEN RETAIL PARK SYDENHAM SE26 4PR
5378,REISS 95 LOW PETERGATE YORK YO1 7HY
5379,REISS THE SHAMBLES UNIT 7 NEW CATHEDRAL STREET MANCHESTER M1 1AD
5380,JD Sports 52 Broad St Reading RG1 2AA
5381,BT 1 London Rd Brentwood CM14 4QP
5389,Telefonica Bath Road Slough SL1 4DX
5390,Pets at Home Quinton Unit 2 Hagley Rd W B32 2AL
5394,DWP Northampton Princess House Cliftonville Rd Northampton NN1 5AE
5399,TSB Lunedale House 4 Market St East Morecambe LA4 5DW
5402,Worle Magistrates Court The Hedges St Georges Weston super Mare BS22 7BB
5403,DWP BOLTON BLACK HORSE STREET 52 Black Horse Street Bolton BL1 1SX
5404,ATOS Appleton Pl Livingston EH54 7EZ
5406,JD Sports London Bond Street oxford street W1C 2JS
5407,Kurt Geiger Eldon Square Newcastle Upon Tyne NE1 7XS
5408,Homebase Waltham Cross EN8 7BF
5409,McArthur Glen Ashford TN24 0SD
5412,George House Glasgow G1 2AD
5413,1 Penny Street LANCASTER Lancashire GB Lancaster LA1 1UA
5414,Royal Mail 13 14 Mill Hill Distribution Park North West Industrial Estate
5416,Beaverbank Office Park Logie Mill Edinburgh EH7 4HB
5417,Kirkcaldy TEC Hayfield Place KY2 5DF
5418,TOTTON DO UNIT 5 SOUTH HANTS IND PARK SO40 3SA
5419,Earl Grey Street Edinburgh EH3 9BN
5420,Glasgow PFW Outhouse Unit 2 20 Napier Place Cumbernauld G68 0BP
5421,Barclays Glasgow City Centre Barclays 1 Clyde Place Lane Glasgow G5 8DP
5422,Barclays 1 Clyde Place Lane Glasgow G5 8AQ
5424,DWP SALFORD PENDLETON Paddington Close Salford M6 5PL
5426,TSB 87 89 High St Redcar TS10 3DE
5427,The Windmill Shopping Park Smethwick Birmingham B66 3PR
5428,ADAMS HOUSE 2650 2 SPRINGFIELD APPROACH CHELMSFORD ESSEX CM2 5LG
5431,SOUTHAMPTON COMBINED COURT SO15 2XQ
5438,Barclays HAMMERSMITH Securitas W6 9HY
5439,SUPERDRY CARDIFF CF10 2ER
5442,Prince of Wales Rd Darnall Sheffield S9 4EX
5444,Alliance Healthcare CO Hovis 1 Thames Gateway Park Cheats Road Dagenham London RM9 6RH
5445,Irish embassy London 17 Grosvenor Pl London SW1X 7HR
5446,Boxing Event Epsom KT18 5LQ
5449,Haverfordwest SA61 2EF
5450,TK Maxx Staines TW18 4WB
5452,287990 Ikea Edinburgh Costkea Way Loanhead EH20 9BY
5454,Babbage Road Stevenage SG1 2EQ
5455,Holiday Inn PrestonThe RingwayPrestonPR1 3AU
5456,Bank of Tokyo Ropemaker Place 25 Ropemaker St London EC2Y 9LY
5457,20 air street London W1B 5AN
5458,TSB Swansea UNION STREET 11 Union Street Swansea SA1 3EF
5459,Kurt Geiger A2 North Street Brighton BN1 1EB
5460,O2 London Notting Hill Gate London W11 3QA
5461,Dunelm Bangor Caernarfon Rd Bangor LL57 4SU
5463,o2 Maidstone Unit 2 3 Fremlin Walk Shopping Centre Kent GB Maidstone ME14 1QW
5464,Tesco Head office Shire Park Welwyn Garden City Hertfordshire AL7 1GA
5465,The North Face 30 32 Southampton Road Covent Garden WC2E 7HE
5466,Tesco Staplee Way Peterborough PE1 4YT
5467,Unit L8 Arndale Shopping Centre Cannon Street Manchester M4 3AQ
5470,Wilko Bulwell Wilko Bulwell NG6 8EW
5471,tesco cleckheaton 2290 49 northgate cleckheaton west yorkshire BD19 3HS
5472,The Cyder House Stowmarket IP14 6PD
5475,6 Wellington Place Leeds LS1 4AP
5476,92 Heath Park Way Cardiff CF14 4YU
5477,McCain Hull Freightliner Road Hull HU3 4UR
5478,Mercure Goldthorn Wolverhampton Penn Road Wolverhampton West Midlands England WV3 OER
5480,Air Products Saltend Lane Saltend Hull HU12 8PP
5481,Next Cambridge Grafton Centre Cambridge CB1 1PS
5484,ARRIVA Shrewsbury Harlescott Lane SY1 4AL
5485,Eldebury PlaceHanworth Ln Chertsey KT16 9LL
5486,Barratt Homes Grange Court Grange Road Tongham Farnham Surrey GU10 1DJ
5487,Wychwood Park Haywards Heath RH16 4RN
5488,Folkstone Magistrates CT20 2DH
5490,Grove Park Barton Place Enderby
5491,Tesco Southampton DC SO16 0WB
5494,Wilko Sunderland 33 42 Fawcett St Sunderland SR1 1RU United Kingdom
5495,Field house Tribunal EC4 A1DZ
5496,Tesco Snodland DC Hays Road Ham Hill Snodland ME6 5TQ
5497,HASTINGS MAGISTRATES COURTS BOHEMIA ROAD TN34 1QX
5503,Wilko Depot Magor DC2 Europark Llandevenny Caldicot NP26 3WN
5505,Matalan croydon purley way 271 66 purley way croydon surrey CR0 3JP
5511,Eddie Stobart Derby Foston DE65 5PY
5514,Homebase Findlay Rd High St Kings Heath Birmingham B14 7SN
5515,Home Base 1 Harborne Ln Selly Oak Birmingham B29 6TL
5517,Ocado CFC Erith
5524,Homebase Felixstowe Great eastern Square Station IP11 7DY
5525,Superdry Northampton Grosvenor Shopping Centre NN1 2EB
5526,Next Southampton SO15 1BA
5527,Next Ipswich Martlesham Heath 667 1 3 Beardmore Park Martlesham Heath Martlesham Ipswich IP5 3RX
5528,Leeds Valley Park LS10 1AB
5530,ARRIVA Maidstone ME15 6TX
5531,Royal Mail Dunlwich 76 Alleyn Park London SE21 8SG
5532,Norwich Combined Court NR3 1UR
5533,The Ritz London 150 Piccadilly London W1J 9BR
5536,Travelodge London Kings Cross Royal Scot HotelWC1X 9DT
5538,Poplar Homes Estate Agents LTD LU1 1BW
5539,Wilko Byker NE6 1EJ
5540,Amy Parklands Conleach Rd Speke Liverpool L24 0TY
5544,Royal Mail Helensburgh DO 18 COLQUHOUN SQUARE HELENSBURGH G84 8AB
5546,Wilko Chelmsley Wood B37 5UH
5548,Property Partners 1 2 Colton Square Colton Street Leicester LE1 1QH
5549,MSD Graveley Hill Crest Farm Toseland Road PE19 6PS
5552,Balfour Beatty A630 Rotherham A630 Rotherham Howarth Lane Sheffield S60 4NB
5554,Best Western Nottingham Derby Long Eaton Sandiacre Nottingham NG10 4EP
5558,BQ Plymouth 231 Tavistock Road Crownhill Retail Park Plymouth PL6 5US
5559,BQ Swansea Morfa Retail Park Landore Swansea SA1 7DF
5560,Dunelm Peterborough Bourges Boulevard PE1 2HS
5561,Unit U135 Bluewater Shopping Centre Greenhithe DA9 9ST
5562,Unit 119 Lakeside Shopping Centre Thurrock West Thurrock Way RM20 2ZP
5563,Royal Mail 54 High Street Lymington SO41 9YA
5564,ST ALBANS CROWN COURT AL1 3JW
5565,Wilko Sheffield 34 36 Haymarket Sheffield City Centre Sheffield S1 2AX United Kingdom
5567,BQ Cribbs Causeway Lysander Road Bristol BS10 7TX
5568,Technip FMC NE6 3PL
5569,B Q CARDIFF CULVERHOUSE CLOSE CF5 5TG
5572,Heywood Distribution Park Pilsworth Rd OL10 2TT
5575,3 Store Lowestoft London Rd 73 London Rd N Lowestoft NR32 1LS
5580,Salt Meadows NE10 0EQ
5581,Wilko Blyth Bowes St Blyth NE24 1EB
5582,Essity Main NE42 6HD
5586,Agreeko Uk ltd Stirling Rd Dumbarton G82 3RG
5587,Keepmoat Homes Firbeck Colliery Doncaster Road Costhorpe Doncaster S81 9QS
5592,Partnership House Regent Farm Road Newcastle Upon Tyne NE3 3AF
5595,o2 Store Leicester Unit 5556 Highcross Shopping Centre Leicester LE1 4FQ
5596,Wilko Birkenhead Unit 1 The Europa Centre CH41 4PF
5604,SSE ALDBOROUGH HULL HU11 4QB
5606,St Andrews Quay Retail Park St Andrews Quay Hull HU3 4SA
5607,TSB Witney 13 High Street Witney Witney OX28 6PH United Kingdom
5609,Franklin Templeton 5 Morrison Street Edinburgh EH3 8BH
5613,Matalan Northampton Tyne Road 61 Weedon Road Industrial Estate Tyne Rd Northampton NN5 5AF
5617,Tesco Aylesford CFC ME20 7PP
5622,TSB Shrewsbury 430447 SHREWSBURY 45 High StreetShrewsbury Shrewsbury SY1 1ST United Kingdom
5627,Royal Mail Leeds 37 Church Lane Pudsey LS28 7LB
5628,Earl Grey Way North Shields NE29 6AR
5629,Wilko Aylesbury HP20 1QR
5630,Nationwide Building Society 23 Oxford Street Swansea SA1 3AE
5633,Tesco DC Magor NP26 3TS
5634,Hilti Unit 1E Seafield Industrial Estate Edinburgh EH15 1TB
5636,BROADWAY PONTYPRIDD MID GLAMORGAN 544685 0 Pontypridd Former Post Office Whole Building 0 CF37 1BA
5638,Wilko Liverpool St Johns L1 1HU
5639,Post Office Future Walk Chesterfield S49 1PF
5641,COL Leadenhall Market EC3V 1LT
5642,Docklands Light Railway castor lane E14 0BL
5643,Beaconsfield DO 13 Station Road Beaconsfield HP9 1ZZ
5644,Royal Mail LAMU Heathrow Short Road Heathrow Airport TW6 3PR
5646,Morgan Sindall Great Yarmouth Marina Leisure Centre Marine Parade Great Yarmouth NR30 2ER
5648,Student Loans Company Memphis Lingfield Point McMullen Road Darlington DL1 1RW
5649,134 138 Edmund Street Birmingham B3 2ES
5651,university of cardiff plas gwyn CF5 2XJ
5653,Colmore Building Steelhouse Lane Birmingham West Midlands B4 6AT
5654,Southern Railway Go Ahead House 26 Addiscombe Roa London CR9 5GA
5656,33 35 WESTGATE STREET CARDIFF SOUTH GLAMORGAN CF10 1JE
5658,Kings Court NE29 6AR
5660,BT HARROGATE North Yorkshire HG1 1RX
5663,Carvela Leeds Unit 9 11 Victoria Quarter Leeds LS1 6BD
5664,Weston Super Mare 309 OCDDHT Weston Super Mare 39 High Street WESTON SUPER MARE Somerset GB Weston Super Mare BS23 1HD
5665,University of West London 10th Floor Fountain House 2 Queens Walk Reading RG1 7QF
5669,Matalan Waterloovilee PO7 7UL
5670,249888 SQA Scottish Qualifications Auth 24 Wester Shawfair Dalkeith EH22 1FD
5671,Bluewater Shopping Centre Dartford Greenhithe Kent DA9 9SB
5673,Tesco Banks Q8 Quorum Business Park Newcastle upon Tyne NE12 8BU
5674,Brandpath Edison Road Hams Hall B461TT
5678,Aldi Bangor Garth Rd 23 Garth Rd Bangor LL57 2RW
5679,Vodafone R Kings Lynn 11 Norfolk Street Kings Lynn PE30 1AR
5683,Cotswold Outdoor Bournemouth BH9 3JS
5685,BCA Newcastle Whitsley Road NE12 9SQ
5686,198 OCDDEN Widnes Unit 16 The Green Oaks Shopping Centre Shopping Widnes WA8 6UB
5687,Royal Mail PROPERTY NAME GLOUCESTER RTW Region South South West EASTERN AVENUE GLOUCESTER POSTCODE GL4 3AA
5690,Greater Anglia ilford depot IG3 8HW
5691,Aldi Rhyl Marina Quay LL18 1LQ
5692,UTC Collins Aerospace Stafford Road Wolverhampton WV10 8PY
5698,queens drive industrial estate Notthingham NG2 1LU
5699,Swansea Council Chambers Guildhall Swansea SA1 4PE
5700,Unit L039 Lower Thames Walk Bluewater Shopping Centre Kent DA9 9SJ
5709,Carvela MetroSt Michaels Wy Metrocentre Gateshead NE11 9YG United Kingdom
5711,Co op Howden West Livingstone Howden West Road Livingston EH54 6AA
5712,TSB Dumfries Ruthwell Museum 2 Thwaite Cottages Ruthwell Dumfries DG1 4NN
5715,TSB Cardiff Cardiff Working St 2 3 Working Street CF10 1GN
5720,Delphi Gillingham Courteney Road Gillingham ME8 0RU
5723,Beaverbank Office Park Logie Green Road Edinburgh EH7 4HG
5725,Spytty Rd Newport NP19 0TX
5727,Stoke One Smithfield Leonard Coates Way ST1 3DR
5729,Queens arcade Cardiff CF102BY
5738,Student Loans Company The Studios DL1 1AS
5739,COOP Food 56 Great Southsea Street Portsmoouth PO5 3BY
5740,COOP Portsmouth New Road PO2 7RJ
5741,401 Grafton Gate East Midsummer Boulevard Milton Keynes MK9 1AQ
5742,Kings Lynn Hardwick Scania Way PE30 4LR
5743,278540 Oxford Cowley Road Local 134B Cowley Road OX4 1JH
5745,278625 Bury St Edmunds Bedingfeld Way IP32 7EJ
5746,278634 Sainsburys Sidney Street CB2 3HX
5747,Miller Homes Lochside View Edinburgh EH12 9DH
5748,Hedonism Wine Store3 7 Davies St London W1K 3LD
5749,Kings Lynn Sainsburys PE30 1DS
5750,Wilko Irvine 51C Rivergate Centre KA12 8AU
5751,HAVAS EHS Brann GL7 1RY
5752,UTC Marston Green B33 0HZ
5754,276165 Sainsburys Rhyl Road LL18 2TJ
5756,Sainsburys Derby 2 6 Copecastle Square DE1 2NQ
5757,Sainsburys Nuns Street Local 121 Nuns Street DE1 3LS
5760,Sainsburys Leicester 58 62 Humberstone Gate LE1 3PJ
5761,286236 Sainsburys Cambridge Station Road Local On The Square CB1 2JW
5762,278640 Sainsburys Spalding Holland Market PE11 1RQ
5763,Clarendon Park Local 87 89 Queens Road LE2 1TT
5764,Fosse Park Grove Farm Triangle LE19 1WT
5765,Swadlincote Civic Way DE11 0AD
5766,Farm Street Local 71 77 Farm Street DE22 3UJ
5767,Kettering 1 3 Rockingham Road NN16 8JY
5768,Cannock Voyager Drive WS11 8XP
5769,Aylesbury 13 19 Buckingham Street HP20 2LA
5771,Kedleston Road Local 125 Kedleston Road DE22 1FS
5772,Sainsburys Springfield White Hart Lane CM2 5PA
5780,Kings Lynn Magistrates PE30 1PQ
5783,Sainsburys High Wycombe Oxford Rd High Wycombe HP11 2DN
5784,Sainsburys Slough Farnham Rd Slough SL1 4XP
5786,BP Hemel Hampstead Green Lane HP2 7HZ
5787,viation Bitumen Terminal Grain Rd Wallend Rochester ME3 0HA
5788,Hilti Glasgow Repair G71 5PF
5789,Hilti Store Glasgow Unit 7 Kingston Bridge Trading Houston Place Glasgow G5 8SG
5790,278519 Sainsburys Heyford hill OX4 4XR
5792,Aldi Cardiff City Link Retail Park CF24 1PQ
5793,JS Nuneaton Queens Road Local 297 Queens Road Nuneaton CV11 5LZ
5795,Bletchley Data Centre Milton Keynes MK2 2PL
5796,Aldi Bretton Flaxland Bretton Peterborough PE3 8DF
5797,Bull wood hall Shockley Essex SS5 4TD
5798,JS Leicester London Road 146 London Road Leicester LE2 1ED
5801,Glen Road LE2 4PE
5803,Matalan DC Galaxy Liverpool Acornfield Rd Kirkby Liverpool L33 7UF United Kingdom
5804,Chesham Elgiva Lane HP5 2YA
5809,EcoWorld Two Bridges 2A Marriott Close Feltham TW14 9PZ
5811,O2 Braehead 142 Braehead Shopping Centre Kings Inch Road Sho Braehead G51 4BP
5812,Bentall Business Park NE37 3JD
5813,Mayfair Bond Street W1B 3HH
5814,Kurt Geiger Liverpool Church Street 27 31 Church Street Liverpool L1 1DA
5815,Orchard Shopping Center Taunton Somerset TA1 3TP
5817,Tesco Lincoln Wragby Road LN2 4QQ
5818,Tamar Plymouth Science Park PL6 8BX
5820,Poundland 142 146 Lothian Road Edinburgh EH3 9BG
5821,Poundland 120A Princes Street Edinburgh EH2 4AD
5822,Poundland Unit 4B Newkirkgate Centre Leith EH6 6AA
5824,Endeavour house 1 Greenmarket Dundee DD1 4QB
5826,Halfords Old Kent road Cantium RP SE1 5BA
5828,Poundland Unit 9 167201 Argyle Street Glasgow G2 8BU
5829,Poundland 72 74 Sauchiehall Street Glasgow G2 3AH
5830,Poundland 187 Trongate Glasgow G1 5HF
5831,New Road Basingstoke Basingstoke RG21 7PD
5832,MS Edinburgh 54 Princes Street Edinburgh EH2 2DQ
5833,O2 Huntingdon Unit 4 St Benedicts Court Shopping Centre Camb Huntingdon PE29 3NA United Kingdom
5834,Wilko Avonmeads Unit 5 AvonMeads Shopping Par The Causeway St Philips BS2 0SP
5837,Sterling Way CB23 3GY
5839,Aspall Stowmarket IP14 6NY
5840,STONEGATE FARMERS LTD SN15 2LZ
5841,Medway Hospital Windmill Road Kent ME7 5NY
5843,Southern cooperative 134 Cromwell Road Whitstable CT5 2AA
5845,Crowndale Rd London NW1 1TP
5846,Mercato ElephantCasle 42 Newington Causeway London SE16DR United Kingdom
5847,MS Haverfordwest Unit 1 Withybush Retail Park Fishguard Road HAVERFORDWEST SA61 2PY
5848,Clarendon Road Project Unit 5b Olympia Trading Estate Coburg Road Wood Green London N22 6TZ
5850,Nicholson Shopping Centre Maidenhead SL6 1LB
5851,Shepherd White Street Low Yard Walker Newcastle NE6 3PJ
5853,Pegasus House 17 Burleys Way Leicester LE1 3BH
5855,Wilko Exeter Unit 100 Guildhall Shopping Center Exeter EX4 3HP
5856,Biddulph Wharf Road ST8 6AJ
5857,101 Old Hall 101 Old Hall Street Liverpool L3 9BD
5858,Royal Liver building Pierhead Liverpool L3 1HU
5867,COORS BREWERY TADCASTER LS24 9FE
5868,278678 Oxney Road Peterbrough Super Market PE1 5NG
5869,Royal Derby Epsom KT18 5LQ
5873,Huawei 302 Cambridge Science Park Milton Road Cambridge CB4 0WG
5876,Barclays Argle Street Glasgow G2 8BJ
5877,Dior Selfridges The building upper mall East Birmingham B5 4BP
5880,Hobbycraft plymouth b3 friary retail park 1 ex pl4 0hh
5882,296341 Savills Hermiston Gait Hermiston Gait Edinburgh EH11 4DF
5883,Slamdunk Festival Hatfield Park Great North Road AL9 5NB
5884,Unit 15 Houston Place Kingston Bay Trading Estate Glasgow G5 8SG
5885,5 Cardowan Park Tannochside Park Uddingston Glasgow G71 5PF
5887,Barclays branch 19A Union Street Inverness IV1 1QA
5888,Newcastle Under Lyme Liverpool Road Newcastle ST5 2AF
5889,Old Trafford Cricket Ground M16 0PX
5894,1 Cutler St Ipswich IP1 1UQ
5897,The southern Cooperative 34E High Street Alton GU34 1BD
5898,Barclays Gloucester Barnwood Data Centre GL1 2DH
5899,Js Wolverhampton St Marks S Raglan Street Wolverhampton WV3 0ST
5900,Avenuehead Road Moodiesburn G69 8HN
5901,100 Barrington Road Brixton London SW9 7NS
5903,Patch East 80 Leadenhall St London EC3A 3DH
5905,Aldi swindon Romsey St 166 SN2 2AS
5909,Tower of London EC3N 4AB
5910,First Street Anne Horniman Street Manchester M15 4FN
5913,Tewkesbury Shannon Way TEWKESBURY GL20 8BL
5914,Cruise Terminal Western Docks Dover Kent CT17 9DQ
5915,The Picture House Roden Street Ilford London IG1 2XX
5916,Barclays Corporate Octagon House Gadbrook Park Northwich CW9 7UE
5917,BRADFORD COMBINED COURT CENTRE BD1 1JA
5918,Moon Tour Southampton SO14 2FT
5919,Aldi Spalding St Thomas Road 29 PE11 2XY
5921,Aldi Cardiff Ely Treseder Way CF5 5NU
5922,278647 Js Cambridge Cherry Hinton Cambridge Leisure Park Cambridge CB1 7DY
5924,Unit 5 Tamebridge Industrial Estate B42 2TX
5925,Thorpe Park Shark Hotel KT16 8PN
5926,Dunelm Westwood Retail Park Westwood Road Broadstairs CT10 2QU
5927,Samsung Yateley Saxon Way Blashbushe Business Park Yateley GU46 6GG
5928,LMJV Curzon Street Fazeley Street Birmingham B5 5QS
5930,Mar Mall Garden Pavilion Earl of Mar Estate Bishopton PA7 5NW
5932,St Pauls Square 4 St Pauls Square Liverpool L3 9SJ
5933,Cheshire Oaks Designer Outlet Kinsey Road Ellesmere Port CH65 9JJ
5934,CO OP BASINGSTOKE SOUTH HAM 103 37 39 KINGS ROAD SOUTH HAM BASINGSTOKE HAMPSHIRE RG22 6DJ
5937,Chester Business Park Wrexham Road Lakewood Heronsway Chester Cheshire CH4 9QT
5940,Aldi Bridgend Bridgend Ind Est Bridgend Ind Est CF31 1BZ
5941,Aldi Yeovil Sherborne BA21 4HA
5942,Aldi Llanelli Swanfield Place 45 Swanfield Place SA15 3PW
5944,Barclays Gadbroke House Northwich CW9 7RB
5945,The Shard Snowfields London SE1 9SG
5947,Odeon Stoke ST1 5SN
5949,D S Smith Fordham Fordham Road Newmarket CB8 7TX
5950,GuardianFm Ltd City Tower 79 Hoe Street E17 4SA
5951,McCain Foods Scarborough Havers Hill Scarborough YO11 3BS
5954,222 Lower Farnham Road Aldershot GU12 4EN
5955,Heywood Distribution Park Heywood Greater Manchester OL10 2TT
5956,Royal Highland Show Ingliston Newbridge EH28 8NB
5959,Waterloo Rd London SE1 8SW
5960,Engie Sighthill court EH11 4EU
5962,Aldi Bournemouth Holdenhurst Rd BH8 8NT
5963,Hartlebury Trading estate Walton Rd Kidderminster
5965,Primark Thrapston Huntingdon Road Thrapston Kettering NN14 4QT
5967,Shepherd Gangway Tech Park The Quayside Nelson Road NE6 3NL
5968,Teva Abbotts Park unit 7 Monks Way Preston Brook runcorn WA7 3GH
5970,Cushman Wakefield Huawei The Spicers Site Sawston Cambridge CB22 3JG
5971,El Dorado Eastnor Ledbury HR8 1EN
5980,CBRE Estuary Commerce Park Liverpool L24 8RB
5981,Aldi Swansea Parc SA1 2AS
5985,Honeywell Pioneer Point Ellesmere Port CH65 1AQ
5986,Canada House 3 Chepstow St Manchester M1 5FW
5988,Barclays Radbroke Hall Knutsford WA16 9EU
5989,12 Quays Stena port Birkenhead Liverpool CH41 1FE
5993,Aldi Bristol Henbury Crow Lane BS10 7EN
5994,Wilko Rainhan 45 Rainham shopping centre Gillingham ME8 7HW
5998,CO OP WINDSOR 176 UNIT 1 72 74 ARTHUR ROAD WINDSOR BERKSHIRE SL4 1RX
5999,Muir Construction Glenmorangie Alba Campus Livingston EH54 7LW
6000,Biffa Merthyr Tydfil CF48 4AB
6001,Morris Spottiswood Fintry Nursery Crulreuch Avenue Fintry G63 0YB
6002,Muster point Midras Rugby Club Old Station Rd St Andrews KY16 9SP
6003,Knightswick Centre Foksville Rd Canvey Island SS8 7AD
6007,Aldi Gillingham ambley raod 32 unit 6 ME8 0PU
6009,Nixon Construction 20 Bridge Street Paisley PA1 1XN
6011,Robertson Pennywell Road EH4 4QL
6012,aldi gosport mumby road 55 PO12 1BG
6013,Persimmon Homes Old Craighall Road EH21 8RE
6014,nationwide norfolk 32 st stephens street NR1 3SH
6015,Delphi Stonehouse Brunel Way Stonehouse GL10 3SX
6016,Royal Liver Building Pier Head Liverpool L3 1HU
6018,Buoyant Upholstery Nelson Hallam Road BB9 8AJ
6019,Russell Hall Hospital Pensett Road Dudley DY1 2HQ
6021,Wellcome Trust Genome Campus Hinxton Hall Hinxton CB10 1RQ
6026,Laings 46 50 Argyll Arcade Glasgow G2 8BG
6027,Aldi Ramsgate Hardes Road CT11 7FB
6028,Hartington Road Preston PR1 8AF
6029,Barclays Radbroke Hall Knutsford WA16 8EU
6030,Balfour Beatty Godiva Site Office Godiva Carpets Spon End Coventry CV1 3HF
6031,Autosmart Lynn Lane Shenstone WS14 0DH
6032,JLT Lochside House Lochside Avenue Edinburgh Park EH12 9DJ
6033,The circus Covent garden WC2H 9BA
6034,University of Birmingham UOB B15 2TN
6035,University of Warwick UOW CV4 7AL
6037,St Joseph Snow Hill Wharf Shadwell Street Birmingham B4 6HB
6040,CBRE Newhall Street 35 Newhall street Birmingham B3 3PU
6041,1 Linthouse Road Govan Glasgow G51 4BZ
6043,Balfour Beatty Elton Interchange TS21 1AD
6044,MS Chichester 16 East Street Chichester PO19 1HS
6045,4 Fourth Avenue Halsted Essex CO9 2SY United Kingdom
6046,Balfour Beatty Swynnerton Compound ST15 OQS
6047,Tnt Exeter Lodge Trading Estate Broadclyst Exeter EX5 3DY
6048,Knightsbridge SW3 1LE
6049,Space NK W2 127 131 Westbourne Grove London W2 4UP
6050,GTR hornsey depot hampden road N8 0HF
6052,Tesco Barrow 2096 LA14 2NE
6055,Borron Street Stockport Greater Manchester SK1 2JD
6056,One Thames CityVauxhall Nine Elms SW8 5DB
6057,Pinnacle Lower Third Street Midsummer Boulevard Milton Keynes MK9 1FF
6058,Aldi Bristol Fishponds BS16 3HJ
6060,Easibake Foods Ltd Pontyfelin Avenue Pontyfelin Industrial Estate New Inn Pontypool NP4 0DQ
6062,1 Berkeley Street W1J 8NE
6063,Burnley college BB12 OAN
6064,Reach Old Hall Street Liverpool L3 9PP
6065,CBRE Cheadle Royal Cheadle Royal Business Park Stockport SK8 3FS
6066,Asda Byker Newcastle Shopping Park 4419 Unit 5 Shopping Park Fossway Byker Newcastle NE6 2XP
6067,University of Birmingham UNB B15 2TT
6071,Stockport Exchange Public Realm Grand Central Station Road Stockport Greater Manchester SK1 3TA
6074,Morrisons Tiverton Kennedy Way 338 EX16 6RZ
6075,Ground Floor 118 122 Orchard Way Shirley Croydon CR0 7NN
6078,The Ambassadors The Peacocks Centre Woking GU21 6GQ
6079,Screwfix Newport Isle Of Wight 18 Manners View Newport PO30 5FA
6080,Valneva 1B Young Square Brucefield Industrial Park Livingston EH54 9DJ
6081,Hedonism Wines 3 7 Davies Street London W1J 3LD
6082,Port of Liverpool Building Brunswick Street Liverpool L3 1BY
6084,Cazoo Westbury BA13 4WD
6086,Aldi Bristol Southmead BS10 6AS
6088,ARLA Oakthrope N13 6BU
6091,Train Manufacturing Facility Tom Pudding Way Goole East Yorkshire DN14 8GA
6092,Moor Lane Mills Moor Lane Lancaster LA1 1QD
6093,Bravo Auto Halifax Rd Shelf Halifax HX3 7JT
6102,The Southern Cooperative 35 Pound Street Newbury RG14 6AE
6103,Denso Marston Marston House Otley Road Baildon BD17 7JR
6104,Coop Wimborne Crown Mead Hanham Road BH21 1ED
6105,WoS Brighton 21 22 North Street Brighton Brighton and Hove BN1 1EB
6106,Sainsburys Biddulph ST8 6AJ
6109,Thames Quarter Kings Meadow Road Reading RG1 8DQ
6111,Ocado Bristol Access 18 Kings Weston Lane Bristol BS11 8HT
6112,JS Peterborough PE1 5HG
6113,Valneva Brucefield 1B Young Square Brucefield Industrial Estate Livingston West Lothian EH54 9BX
6114,Aldi 70 Duncan Road Gillingham ME7 4JS
6116,3 Store Torquay 12 Union Street TQ2 5PL
6117,Princes Foods Edible Oils Crabtree Manorway S Belvedere DA17 6AB
6118,North Acton W3 6HU
6121,Ocado Remus Building Unit K City Park Swiftfields Welwyn Garden City AL7 1LY
6122,ASDA FOLKESTONE CT20 1AU
6123,Alliance Healthcare Letchworth Garden City Hertfordshire SG6 2HB
6124,Morrisons Plymouth Outland Road PL3 5UQ
6126,Morrisons Exeter Prince Charles Road EX4 7BY
6131,ASDA Fareham 4669 Speedfields Park Fareham PO14 1TT
6136,Castle Chambers 43 Castle Street Liverpool L2 9SH
6140,Reeds Lane Moreton Wirral Cheshire CH46 1QW United Kingdom
6141,Morrisons Wells Parkwood Estate BA5 1SQ
6142,JS Stoke on Trent S 2113 ST4 7QD
6145,HSBC Lord Street Liverpool L2 6PG
6146,Js Haverhill S 419 Haycocks Road Haverhill CB9 7YL
6148,The Assembly 2 Station Grove Wembley HA0 4AH
6149,Blackfriars Rd Kings Lynn PE30 1NX
6150,TwelveTrees Park Project Office Stephenson Street West Ham London E15 3FQ
6151,Ravenscourt Centre Leathers Ln Liverpool L26 0TX
6152,Barclays Hastings HALIFAX 1 Queens Road Hastings TN34 1QP
6153,41 Blackfriars Road Southbank London SE1 8NZ
6154,Waterloo Road Leake St London SE1 7NN England
6159,Valneva Brucefield EH54 9DH
6162,Princes Foods Church Manorway Erith
6164,co op Midcounties shropshire SY4 5NY
6166,AMAZON Liverpool L33 7XB
6167,Aldi Bristol Horfield BS7 9NZ
6170,Sainsburys Braintree 1 Tofts Walk Braintree CM7 1XH
6173,Co Op Walter Road Swansea 128 Walter Road Swansea SA1 5RG
6175,Meridian Leisure Park Lubbesthorpe Way LE19 1JZ
6176,Homebase Blandford DT11 9LQ
6177,Printworks Apartment Western way Exeter EX12ZT
6182,Priory Court 35 Bull Street Birmingham B4 6AF
6183,Coop midcounties brackley high street NN13 7BW
6189,BARCLAYS Logic House Waterfront Business Park Fleet GU51 3SB
6191,7 Wotton Street SE1 8TG
6192,278649 Cambridge St Andrews Street Local CB2 3AH
6194,Homes For Students Beaverbank 10 Beaverbank Place Edinburgh Scotland EH7 4FB
6195,Majestic Wine 115 N Station Rd Colchester CO1 1SB United Kingdom
6196,Ocado Hatfield Gypsy Moth Avenue Hatfield Business Park Hatfield AL10 9BD
6198,Amazon Gloucester GL2 2BY
6199,Halton Court 1 Cranfield Walk Kidbrooke London SE3 9EX
6200,278636 Coldhams Lane Brooks Road CB1 3HP
6203,22 24 The Hundred Romsey SO51 8BW
6204,Paradigm 3175 Century Way Leeds LS15 8ZB
6208,Stonecutter Court is 1 Stonecutter Court EC4A 4TR
6209,Aldi Liverpool st johns lane 24 L1 1LS
6211,Ferrero Alfreton Thorntons Park Somercotes Alfreton Derbyshire DE55 4XJ
6212,Cossham Hospital Lodge Rd Kingswood Bristol BS15 1LF
6214,Stafford Chell Road ST16 2TF
6216,majestic wines 42 Hastings Rd London W13 8QH United Kingdom
6222,St Pauls Car Park Liverpool L3 9RY
6224,Gangway Neptune Energy Park Fisher Street Walker Newcastle NE6 4LY
6225,Aldi Lewes Road Brighton 40 BN2 3QA
6226,Majestic wines Covent Garden 24 25 Drury Ln London WC2B 5RH United Kingdom
6232,81 Newgate Street London EC1A 7AJ
6233,Weetabix Burton Latimer Weetabix Mills Station Road Burton NN15 5JR
6234,Bedford Tavistock street local square MK40 2RR
6235,Kempston saxon centre MK42 8AY
6236,Weedon Road 20 Gambrel Road NN5 5DG
6241,Northampton Wellingborough road NN1 4AT
6244,Hilti Store Liverpool unit 14 Trafalgar Way L6 1NA
6245,Wiston House BN44 3DZ
6246,Majestic Wines Unit 1 42 Chatsworth Road Chesterfield S40 2AQ
6249,Penge ast Penge East Railway Station Address Station Road London SE20 7BQ
6250,Brighton Brighton Railway Station Address Queens Road Brighton BN1 3XP
6251,Brixton Brixton Railway Station Address Atlantic Road Brixton SW9 8JB
6252,Streatham Common Streatham Common Station Address Estreham Road Streatham London SW16 5NT
6253,East Croydon East Croydon Station Address George Street Croydon CR0 1LF
6254,Heath Haywards Heath Railway Station Address Commercial Square Haywards Heath RH16 1DJ
6255,Wates Carnival Place Wellington Road Wokingham Berkshire RG40 2A
6256,Ashford Newtown Road Ashford TN23 1EZ
6257,JS Telford S 2002 TF3 4AG
6259,Aldi Hemel Hempstead HP3 9AA
6260,D S Smith Burscough 7 Red Cat Lane Burscough Ormskirt L40 0RA
6262,20 High Street Markinch Fife KY7 6DQ
6263,Co op Kirkcaldy Lauder Road 6 Minutes Lauder Road Kirkcaldy KY2 5BD
6265,Peterborough Station PE1 1QL United Kingdom
6266,1st Floor Solar House 1 9 Romford Road Stratford London E15 4LJ
6267,JS Wednesfield S WV11 1UP
6271,HSBC 2 6 Gallowtree Leicester LE1 1DA
6273,32 Clifton Hill NW8 0QG
6275,Southern Cooperative 57 58 Broadmere Road Beggarwood Basingstoke RG22 4AQ
6276,248688 SASA 1 Roddinglaw Rd Edinburgh EH12 9FJ
6277,Aldi Basingstoke RG23 8BB
6279,Aldi Herne Bay CT6 5RE
6280,Aldi Bristol Bedminster BS3 1JA
6282,Nantwich Middlewich raod CW5 6PH
6287,BorgWarner Technologies GL10 3SX
6289,JS Wolverhampton Compton WV3 9QZ
6290,Torsion Projects Ashfield road Sleaford NG34 7DZ
6291,The Highline Chrisp Street London E14 6UD
6292,Noake Mill Lane Hemel Hempstead HP1 3BB
6295,Surbiton train station Victoria Road Surbiton KT6 4PE
6296,Weybridge Station Approach Weybridge KT13 8UD
6297,Hersham Molesey Road Hersham KT12 4SQ
6303,Colmore building Lane Steelhouse Lane Birmingham West Midlands B4 6AT
6304,Hoxton Arches 402 Cremer street E2 8hd
6305,Cotswold Outdoor Bristol Unit 2 New Broadmead Union Street Bristol BS1 2DL
6306,CBRE 101 Cambridge Cambridge Science Park CB4 0FY
6307,NTS BASINGSTOKE 109 FLAXFIELD ROAD BASINGSTOKE HAMPSHIRE RG21 1SJ
6308,Roehampton Ln London SW15 5PJ United Kingdom
6309,Waterstones Victoria Centre 37 Mostyn St Llandudno LL30 2NG
6311,Darenth WTW Hawley Road Dartford DA2 7SR
6313,The Southern Cooperative Unit 1 210 New Haw Road Addlestone KT15 2DS
6315,Wilko Kingswood BS15 8LP
6316,Wilko st helens WA10 1SB
6319,Saica Pack Newport Alexandra Dock Newport Gwent NP20 2WE
6323,Clapham Junction SW11 2QP
6326,Merriott 3 Knapp Merriot Crewkerne Somerset TA16 5NQ
6327,MS Tiverton SF The Old Brewery Site Phoenix Lane Tiverton EX16 6LU
6329,Mill View PE15 8SY
6333,Next Watford Beauty Watford WD17 2AU
6336,Hook Rd Arena Epsom KT19 8QG
6337,Leicester Combined Court LE1 6HG
6339,Co op Edinburgh Frederick Street EH2 2JR
6340,The Helm 2nd floor 37 Holdenhurst Road Bournemouth BH8 8GX
6341,Odeon Metrocentre NE11 9YG
6343,City Square 40 Tithebarn Street Liverpool L2 2BW
6345,Sovereign House BN1 1RA
6346,Loughborough Court LE11 1AZ
6347,Alliance Croydon 60 Vulcan way new Addington CR9 0DB
6348,Canon 160 Centennial Park Centennial Ave Elstree Borehamwood WD6 3SG
6349,3 Store Pontypridd Taff Street CF37 4SL
6350,Beaconsfield Road Hays UB4 0SL
6352,Hovis Bradford Gain Lane Thornbury Bradford BD3 7DX
6354,VF Bardon Mountpark Bardon Beveridge Lane Coalville LE67 1FA
6366,George Leslie Glenlee Substation Castle Douglas DG7 3SF
6368,Kurt Geiger 21 The Dome Trafford Shopping Centre M17 8DF
6371,Esher Railway Station KT10 8DT United Kingdom
6372,Odeon Bracknell The point Skimped Hill Ln Bracknell RG12 1EN
6373,Estuary Commerce Park Estuary Banks Liverpool L24 8RB
6374,JS Tamworth B78 3HD
6376,Pollards Wood MGCORE NIGHTINGALES LN CHALFONT SAINT GILES HP8 4SP
6377,40 Corporation Road Audenshaw Manchester M34 5LP
6378,AllSaints Gloucester Quays 81 83 High Orchard Street Gloucester GL2 5SH
6384,TK Maxx Ashford Ashford Retail Park Unit 1 Barry Road Willesborough Ashford TN24 0SG
6385,The Superdry Head Office Cheltenham Unit 60 The Runnings Cheltenham GL51 9NW
6386,Leith st Edinburgh EH1 3SP
6387,Waitrose 533 Canterbury CT1 1UL
6388,Waitrose 110 Crowborough TN6 1DL
6389,507260 Waitrose 556 Edenbridge TN8 5LN
6395,509774 Waitrose comely bank 38 Comely Bank Rd Edinburgh EH4 1AW
6399,140 Boundary RoadWalthamstowLondon E17 8LA The Rock Worship Center
6400,Aldi Portsmouth 2 Southampton Road PO6 4RJ
6402,D S Smith Kettering Cromwell House Latimer Park Kettering NN15 5YZ
6403,Amazon Skewen CWL1 Ffordd Amazon Skewen Swansea SA1 8QX
6405,Waitrose 702 Exeter 2 Gladstone Road Exeter EX1 2EB
6408,Waitrose 196 Fleet Unit A The Hart Centre Fleet Road Fleet GU51 3LA
6409,Waitrose 329 Alton Station Road Alton GU34 2PZ
6411,Midcounties Coop Stow GL54 1AF
6417,Midcounties Coop Longlevens GL2 0JQ
6418,Newcastle Business Park NE4 7YW
6428,Morfa retail park Swansea SA1 7DS
6430,Celsa Steel Tremorfa works Seawall road Cardiff CF24 5PH
6432,Ab Inbev Magor Brewery NP26 3RA
6433,Rightacres Property Former SA Brains Crawshay st Cardiff CF10 5DS
6444,Cotswold Outdoor Norwich NR2 1RG
6445,507210 waitrose 145 Morningside Rd Edinburgh EH10 4AX
6446,Walton on Thames KT12 1NR
6448,Waitrose Stourbridge 44 Ryemarket Shopping Centre High Street DY8 1HJ
6450,Walworth Business Park 89 Flinders Close Andover SP10 5AF
6455,Premier Foods Moreton CH46 1QN
6457,Sainsburys Northwich CW9 5RT
6460,ASDA 4648 Kirkcaldy KY1 3NU
6464,Brentford FC Osterley TW5 0TP
6465,CO OP EXMOUTH DEVON EX8 3EA
6466,PLUMSTEAD RAIL STATION SE18 1DG
6469,Sevenoaks MA London Road Riverhead TN13 2DN
6471,Goldsmiths 72 High Street Meadowhall Centre Sheffield South Yorkshire S9 1EN
6476,JD Sports Leicester Fosse Park Shopping Centre LE19 1HX
6479,Stockport Exchange Station Road Stockport SK1 3TA
6480,Queenborough Corner Queenborough Rd Minster on Sea Sheerness ME12 3DJ
6481,Co op Minster Aspen Drive Minster on Sea Sheerness Kent ME12 3UD
6482,Unit 127 Ashford Designer Outlet Kimberley Way Ashford Kent TN24 0SD
6483,The Southern Co op 45 WOODBRIDGE ROAD GU1 4RN
6484,Waitrose 240 Biggin Hill TN16 3BB
6485,Waitrose 653 Hailsham BN27 1BE
6487,Barclays Crew Market Street CW1 2ET
6490,Vue Cwmbran NP44 1QS
6491,Primark Magna Park Unit 425 Argosy Way Lutterworth LE17 4XN
6492,Waitrose 109 Longfield DA3 7QA
6499,Snetterton Cold Store NR16 2JZ
6500,ISG Oak Cancer Centre Cotswold Road Sutton SM2 5NF
6501,Vital Energy DE15 9NG
6502,Vue Rhyl LL18 1HB
6503,Aldi Crayford Roman Way DA1 4FY
6504,Aldi Weston Favell Northampton NN3 3JB
6505,ALDI Tannery Road Industrial Estate High Wycombe HP13 7EQ
6507,Aviva Lake View building Brierly Furlong Stoke Gifford Bristol BS34 8SW
6508,Halo 1 Temple Street Redcliffe Bristol BS1 6EU
6509,DS Smith Louth Sheet feeding Windsor Road Louth LN11 0YG
6510,Barclays Manchester Longsight District Centre M12 4JH
6511,Hartlepool TS24 0RN
6512,11 Pilgrims Street London EC4V 6RN
6516,PONTYPRIDD CURRY SUPER STORE CF37 4DA
6517,GuardianFM Pakistan Test
6520,Waitrose 706 Bracknell RG12 1RQ
6521,RaisE Business Centre Tom Pudding Way Goole DN14 6BS
6524,McArthurGlen Designer Outlet The Derwen Bridgend CF32 9SU
6525,Leonardo Edinburgh 2 Crewe Road North EH5 2XS
6526,Towers business park Manchester M20 2RY
6527,McCanns Macclesfield Bonis Hall Lane Cheshire SK10 4EF
6528,Chancery Place Brown Street Manchester M2 2JT
6531,Hyde Park Edgware Road Hard rock Hotel W1K W1H 7DL
6533,ENW Carlisle Hadrian Mill Nelson Street CA2 5BJ
6534,120 Bark Street Bolton BL1 2AX
6535,Canada House 3 Chepstow Street Manchester M1 5FW
6536,2 Embankment Sovereign Street Leeds LS1 4BA
6537,Ocado Bicester Symmetry Park Ambrosden Bicester OX26 6GF
6538,061 OCDDK6 London 351 Oxford St 351 Oxford Street London GB London W1C 2JF
6542,Midcounties Coop Oxford Road OX5 1DZ
6546,Halfords Chatham Batchelor Street ME4 4BJ
6547,Tesco Welwyn Garden City Days Checkout Building Falcon Way Shire Park Welwyn Garden City AL7 1TW
6548,BCA Thurleigh Business Park Bedford MK44 2YP
6549,Waitrose 582 Basingstoke RG21 4BF
6551,Hitachi Energy Stone Oulton Rd Stone ST15 0RS
6552,JS Colchester CO11LG
6553,Stanway site 1 Western Approach Stanway Colchester CO3 8AA
6554,Sainsburys Breck Hill 4603 276131 5 7 Plains Road Mapperley Nottingham NG3 5JH
6555,Endsleigh Park Shurdington Road Shurdington Cheltenham GL51 4UE
6558,Ellismuir Way Tannochside Park Lanakshire G71 5PW
6559,Hilltop Depot Brackley Street Walkden M28 3GU
6561,Aldi Colchester Magdalen Street CO1 2FJ
6563,New Malden KT3 4PX United Kingdom
6564,Welwyn Garden City AL8 6HA United Kingdom
6566,BARCLAYS Barclay House 1 Wimborne Road Poole Dorset BH15 2BB
6567,Smyths Toys Farnborough GU14 7LT
6569,Spec Savers West Ealing W13 9BP
6574,Pets at Home Aylesbury HP20 1DH
6575,Falcon House Unit 1 Fulwood Park Caxton Road Preston PR29NZ
6576,Colchester town centre CO1 1LG
6578,David Wilson Homes Ashridge Grange Warren House Road Wokingham Berkshire RG40 5QB
6580,CBRE Port of Liverpool Building POLB Port of Liverpool Building Brunswick Street Liverpool L3 1BY
6581,Thames Water NW6 4RY
6582,Trespass Vermont House 149 Vermont Street Glasgow G41 1LU
6587,Tesco Peterborough DC Staplee Way Peterborough PE1 4YT
6589,Tesco Enfield CFC EN8 7RS
6593,Ellis Brigham Towerhouse Covent Garden WC2E 7HA
6595,Tesco Hinckley DC Hinckley LE10 3BZ
6596,Carvela Unit 125 York Designer Outlet St Nicholas Avenue York YO19 4TA
6597,Aldi Bishops Stortford CM23 5NF
6600,CBRE 2 St Peters Square 2 Saint Peters Square Manchester M2 3AA
6601,Time Central Gallowgate Newcastle NE1 4BF
6602,Balfour Beatty Swynnerton Compound A51 Swynnerton compound What3Words upsetagentporch ST15OQS
6603,D S Smith Milton Keynes Anderson Gate Snelshall West Milton Keynes MK4 4AE
6606,Primark Shopping Centre 77 Lion Walk Culver St E Colchester CO1 1LF United Kingdom
6607,Greater Euston Rd London NW1 2RT United Kingdom
6608,Vicarage Street Nuneaton CV11 4XS
6612,JS Chandos RoadC BUCKINGHAM MK18 1AL
6614,Kurt Geiger Cheshire Oaks Unit 149 150 Kinsey Rd ELLESMERE PORT CH65 9JJ
6615,Midcounties Coop Manchester House 336 GL18 1AN
6616,Trimbridge House Trim House Bath BA1 1HB
6619,St Peters Square Manchester M2 5PD United Kingdom
6623,Balfour beatty Edinburgh road ML7 5DT
6624,Aldi Canterbury Sturry road CT1 1FX
6626,62 74 Burleigh St Cambridge CB1 1DJ
6629,Worcester Park Library Windsor Road Worcester Park KT4 8ES
6633,Premier Foods Ashford Kennington Road TN24 0LU
6634,Aldi London Road Brighton BN1 4JA
6636,Park Inn Hotel Walsall WS1 4SE
6637,Chester Business Park Herons Way Chester CH4 9QW
6638,Odeon Bath Kingsmead Leisure Complex James St W Bath BA1 2BX
6641,Aldi EYE ROAD PE1 4YZ
6646,The Hive 47 51 Lever Street Manchester M11FN
6648,Great North House 20 Allington Way Darlington DL1 4QB
6649,CBRE Priory Court 35 Bull St Birmingham B4 6AF
6652,The Meadows Shopping Centre Chelmsford Essex CM2 6FD
6654,2 city walk Holbeck Leeds National Highways Office LS11 9AR
6655,Wrexham Retail Park LL11 2BA
6657,Walker Filtration Birtley Road Washington NE38 9DA
6658,Longwood drive Cardiff CF14 7YT
6659,Caxton Way Thetford IP24 3SE
6663,City Point 29 Kings Street Leeds LS1 2HL
6664,Boston Market Place PE21 6LS
6665,NHS Medway Hospital ME7 5NY
6667,Hempstead Valley Dr Hempstead Gillingham ME7 3PD
6668,Co OP 194a Laleham Road Staines TW18 2PA
6669,APCOA Moreton In Marsh Car Park Station Rd Moreton In Marsh GL56 0AA
6670,Peel Doncaster Sheffield Airport Ltd Heyford house Doncaster DN9 3RH
6671,10 Lower Thames Street London EC3R 6EN
6672,278644 JS ELY C Sainsbury Ely C Lisle Lane Ely CB7 4AS
6673,5 High Street St Neots Huntingdon PE19 1DE
6674,Southwark Bridge Rd London EC4R 3TE
6676,Sainsburys Burton On Trent 527 Mitie Code 275803 Union Street Burton On Trent DE14 1AA
6677,Aldi Weedon Road Northampton NN5 5DE
6685,Royal liver Building Pier Head Liverpool L3 1JH
6686,Aldi Selsdon 232 236 Addington Rd Selsdon South Croydon CR2 8LE United Kingdom
6687,Morgan Sindall 300 Manor Road Newham E16 4PA
6688,WatesCarnival PlaceWellington RoadWokinghamRG40 2AF
6689,Safran Gloucester Down Hatherley Lane GL2 9QB
6691,Dunelm Kettering Stanier Retail Park NN16 9XW
6695,LLNielson Woking Woking Office 3rd Floor Midas House Woking GU21 6LQ
6696,401 Grafton Gate Milton Keynes MK9 1AT
6697,Aldi Yiewsley High Street UB7 7QN
6698,Hartlebury Trading Estate DY10 4JB
6699,British Geological Survey Nicker Hill Keyworth Nottingham NG12 5GG
6702,Q8 Quorum Business Park Benton Lane Newcastle NE12 8RU
6703,49 York Road York YO24 4LN
6704,32a Long Causeway Peterborough PE1 1YJ
6705,Driving Standards Agency TAUNTON MPTC Crown Close Taunton Somerset England TA2 8RX
6706,Firmenich Southall Hayes Road Greater London England United Kingdom UB2 5LZ
6707,Rose Hill Iffley Oxford OX4 4HS
6708,Solus Accident Repair Centres Blue Ridge Park Unit 9 Alpine Ct Glasshoughton Castleford WF10 4UA
6712,Dunelm Cheltenham Centrum Retail Park GL51 9FD
6713,Aldi Orpington Unit 5 Sp RP Sevenoaks Way Orpington BR5 3SG
6714,Imperial Hotel Barrow in Furness LA14 2NU
6715,TrusteeS Of The Leonardo Helicopters Pension Scheme Lysander Road Yeovil Somerset BA20 2YB
6716,JS 25 29 Wheeler Gate Nottingham NG1 2NA
6717,389 391 Brixton Road London SW9 7DE
6718,Unit 50 Barbirolli Mall Manchester M4 2HU
6719,507355 Waitrose 604 Sherbourne Cheap Street Newland DT9 3PU
6722,Alliance Support Centre Chessington KT9 1SN
6724,Majestic Hotel Duke Street Barrow in Furness LA14 1HP
6726,Aldi Otford Road Sevenoaks TN14 5EG
6730,Leeds Valley LS10 1AB
6732,British Broadcasting Corporation Barrack Road Newcastle upon Tyne Tyne and Wear England NE99 2NE
6735,Newcastle Emlyn Boots Sycamore Street Pembrokeshire SA38 9AP
6736,Tenby Boots Jasperley House Tenby SA70 7HD
6737,Ammanford Boots 23 25 Quay StreetAmmanford SA18 3DB
6740,Carmarthen Boots 12 Red Street Carmarthen SA31 1QL
6744,Cardiff Albany Road Boots 48 77 79 Albany Road Cardiff CF24 3LN
6748,Colchester West Parade Boots 2 4 West Parade Colchester CO3 4PG
6750,Cambridge Sawston Boots 25 High Street Sawston CB22 3BG
6751,Paisley The Paisley Centre Boots Unit 11 The Paisley CentrePaisley PA1 2AF
6753,Clydebank SC Boots 98 Sylvania way Clydebank G81 2TL
6754,Ayr High Street Boots 48 168 High Street Ayr KA7 1PZ
6756,Troon Academy St Boots KA10 6HR
6763,3 Store Carmarthen Red Street SA31 1QL
6764,Morpeth Bridge Street Boots NE61 1PE
6765,Abergele Cae Eithin Boots LL22 8LJ
6766,Manchester Piccadilly Boots M1 1LY
6767,Bournemouth Castle Point Boots BH8 9UB
6769,Prestatyn Nant Hill Road Boots LL19 9BJ
6770,Shepton Mallet Boots The Park Med Practice BA4 5RT
6773,Darlington High Row Boots DL3 7QW
6774,Hardwick Retail Park Boots Kings Lynn PE30 4NA
6775,Abergavenny Boots 2 Cross Street NP7 5EH
6776,Exeter High Street Boots UG EX4 3QD
6778,Liverpool Clayton Square Boots 18 Great Charlotte Street L1 1QR
6780,Yeovil Middle Street Boots Opticians Refit BA20 1LG TSS
6781,Homes For Students Firhill Mbus 150 Firhill Court Glasgow G20 7BB
6782,Deal Boots CT14 6EL
6783,Leeds General Infirmary Boots LS1 3EX
6786,Glasgow Argyle St Boots G3 8AA
6787,Chorley Boots PR7 1DE
6788,Colchester Fiveways Boots CO3 0JX
6789,Bath Westgate Street Boots BA1 1EL
6790,Glasgow Galleries Boots G1 2GF
6792,Leeds St James Hospital Boots LS9 7TF
6793,Cobham Boots KT11 3EB
6794,Frome Market Place Boots BA11 1AB
6795,Boots Llandudno ll30 2ng
6799,Haddington Boots EH41 3EE
6800,Diss Market Place Boots IP22 4AB
6801,Prestwick Boots KA9 1JS
6802,Glasgow Newton Mearns Boots G77 6EY
6804,Cambridge Petty Curry Boots CB2 3ND
6805,Glasgow Central Station Boots G1 3SQ
6806,Redcar Hydrogen Hub Unit B Regents Walk Redcar TS10 3FB
6809,Aberfan Shopping Centre SA13 1PB
6810,Taunton Crown Medical Boots TA2 8QY
6811,TSS Sheffield Meadowhall Boots S9 1EN
6813,Blackwood boots 2 the market place NP12 1AU
6815,Huntingdon Boots 42 High Street PE29 3AQ
6816,Battle High Street Boots TN33 0AE
6822,Cornmarket Street Oxford OX1 3HL
6823,Zynga Brighton QRQ Building Queens Road Brighton
6824,Liverpool Castle St Boots L2 7LA
6825,Ipswich Tavern St Boots IP1 3AA
6826,Felixstowe Orwll HcAP976 Boots IP11 7DD
6827,Hamilton Ml Rd Hc AP0259 Boots ML3 8AA
6828,Portsmouth Ocean Park Boot PO3 5NP
6832,St Neots High Street PE19 1BW
6834,Lancaster St Nicholas Boots LA1 1NB
6837,Ferndown Victoria Rd Boots BH22 9JA
6839,Swanage Station Rd Boots BH19 1AB
6842,Shoreham By Sea Boots BN43 5DA
6843,Hartlepool Anchor Retail Park Boots TS24 0XR
6844,TSS Boots Opticians Swindon Cricklade SN6 6AA
6845,MS Plymouth 29 Old Town Street Plymouth Devon PL1 1DH
6847,Durham Market Place boots 561 DH1 3NB
6848,Kings Lynn Boots PE30 1BL
6851,TSS Selsey Boots PO20 0QB
6852,Estuary Commerce Estuary Banks Liverpool L24 8RD
6853,Tredegar Gwent Sc Boots NP22 3EJ
6854,levi ashford kimberley way ashford TN24 0SD
6856,Newport Gwent Chepstow Boots NP19 8EG
6864,Rainham Shopping Centre Boots ME8 7HW
6865,Bellshill 4 James Street Righead Industrial Estate Bellshill
6867,York Coney Street Boots YO1 9QL
6869,Weymouth St Mary St Boots Optician DT4 8PB
6871,Bromborough Croft Bp Boots CH62 3PN
6874,Essity Southfields Rd Dunstable LU6 3EJ
6876,Leonardos Helicopters Lysander Rd BA202YB
6880,TSS Halstead High St CO9 2JD
6883,Boots Store 76 New George St Plymouth PL1 1RR
6884,Earls Colne High St CO6 2PB
6885,Bristol Broadmead BS1 3EA
6886,Newcastle Eldon Sq Boots NE1 7XE
6887,Felling Booth St NE10 9PA
6888,Worcester boots WR1 2EU
6889,Pershore High St Boots WR10 1BG
6890,Stockton Heath WA4 6SG
6891,Southampton Shirley SO15 3NJ
6892,Greenock Hamilton PA15 1RQ
6893,Pocklington Med Ct AP144 Boots YO42 2BS
6894,Lond Wimbledon Ctr Court Boots SW19 8YE
6895,London Piccadilly Circus Boots W1B 5RA
6896,Plymouth Claremont St Hc Boots PL1 5AQ
6897,DEFRA Thames Barrier Eastmoor St London SE7 8LX
6898,Grimsby Friar Gate 101 DN31 1EL
6899,HSBC Bank 15 Lammas St Carmarthen SA31 3AQ
6901,TSS 5285 Colchester Tamarisk Way Boots CO4 3GW
6902,TSS 5893 Colchester Boots CO1 2AR
6903,TSS Wivenhoe Boots 5491 CO7 9HA
6904,TSS 5286 Manningtree Boots CO11 1AA
6906,Norwich Magdalen Medical NR3 4LF
6907,Thornaby On Tees Hc Boots TS17 0EE
6908,EMROC Belfield House Lawrence Dr NG8 6PZ
6909,TSS Great Yarmouth Gapton Rp Boots NR31 0NL
6910,TSS Southampton Portswood Rd Boots SO17 2NF
6911,TSS Dorchester Cornhill Boots DT1 1BQ
6912,TSS North Walshm Boots NR28 9BP
6913,ME12 1NT TSS Sheerness High St Boots
6914,PL6 5AD TSS Plymouth Crownhill Boots
6915,ML8 4AJ TSS Carluke Boots
6916,TS8 9JH TSS Middlesbrough Hemlington Boots
6917,TD1 3AP TSS 6706 Galashiels Galawater Boots
6921,TSS St Budeaux Hc PL5 2UE
6922,Marsh Lane Unit A West Cornwall Shopping Park Hayle Cornwall United Kingdom TR27 5LX
6923,Barclays Nottingham High Street 1 3 Victoria Street Nottingham NG1 2EN
6924,CO OP Gallops Court147 Younghayes Road Cranbrook Exeter EX5 7EA
6925,BCA Kingsnorth Industrial Estate 85 Jetty Rd Rochester ME3 9ND
6926,London Marathon Meeting point and Map SW1Y 5DG
6928,Wilko Weymouth 1012 Westham Road DT4 8NP
6929,Hoover Pentrebach Road Merthyr Tydfil CF48 4TU
6930,HSBC Boston 5354 high st Boston Lincoinshire PE21 6SL
6931,East Midlands Designer outlet Mansfield Road South Alfreton DE55 2JW
6932,11 Denmark Street London WC2H 8LS
6933,CBRE 6 East Parade Leeds LS1 2AD
6935,22 24 Eastgate Street Chester Cheshire West and Chester CH1 1LE
6936,Tesco Widnes DC Desoto Road Westbank Industrial Estate Widnes WA8 0PB
6938,103 105 Armada Way Plymouth PL1 1HH
6939,Tesco Greenford London UB6 OTP
6940,N26 Errigal Site Compound Mirabelle Gardens East Village London E20 1BU
6941,The Patchworks 2C Fulbourne Road via Walker Place Walthamstow E17 4GB
6942,Celsa steel Castle works CF24 5NN
6943,Halifax Branch 27 28 Market Place Boston Lincolnshire PE21 6EH
6944,OYO Imperial Hotel 38 40 Cornwallis St Barrow in Furness LA14 2LG
6946,Broadway Plaza 220 Ladywood Middleway Birmingham B16 8LP
6948,Paradigm 3175 Century Way Leeds LS15 8GB
7464,Poplar Homes Estate Agents LU1 1BW
7543,Wates Construction Canada Water Plot A1 99 Lower Road SE16 2XF
8307,Skyline Plaza Alenon Link Basingstoke RG21 7TN
